City,State,Population,Annual Checkup,Arthritis,Binge Drinking,Cancer (except skin),Cholesterol Screening,Chronic Kidney Disease,Colorectal Cancer Screening,COPD,Core preventive services for older men,Core preventive services for older women,Coronary Heart Disease,Current Asthma,Current Smoking,Dental Visit,Diabetes,Health Insurance,High Blood Pressure,High Cholesterol,Mammography,Mental Health,Obesity,Pap Smear Test,Physical Health,Physical Inactivity,Sleep <7 hours,Stroke,Taking BP Medication,Teeth Loss,Location
New York,NY,8175133,73.8,21,18.9,5.3,75.3,2.9,62.5,5.9,28,27.4,5.6,10.5,16.3,63.2,11.3,14.6,28.4,34.4,79.9,12.3,24.8,82.7,12.2,28,39.8,3.1,73.7,15.2,"New York, NY"
Los Angeles,CA,3792621,65,17.5,16.7,4.9,72.1,2.9,61.5,5.3,28.1,33.3,4.9,8.5,14,58.8,10.2,17.3,26.7,32.6,79.5,12.9,26.1,85,12.8,22.2,36.8,2.8,67.5,11.6,"Los Angeles, CA"
Chicago,IL,2695598,69.4,20.7,21.5,5,72.7,3.1,56.9,5.8,30.9,24.6,5.3,9.9,17.6,57.5,10.9,16.4,31.5,34,78.5,12.2,33,86,12.4,26.4,36,3.3,73.2,16.7,"Chicago, IL"
Houston,TX,2099451,67.7,19.1,16.2,4.8,68.2,3,57.2,5.6,28.2,29.1,5.6,8.8,16.5,54.2,12.1,28.5,30.4,36.9,77.2,13,32.6,81.7,12.9,29.5,35.8,3.1,73.2,17.8,"Houston, TX"
Philadelphia,PA,1526006,73.7,25.7,21,5.4,71.2,3.3,61.9,7,39.2,27.8,6.3,11.6,22.5,54.7,12.2,13.9,32.9,34.6,80.6,15.3,29.3,81.3,14.6,27.1,42.2,3.9,76.4,19.1,"Philadelphia, PA"
Phoenix,AZ,1445632,64.3,22.6,16.5,5.2,70.7,3.1,59.7,6.1,33.7,30.3,5.5,10.3,18.6,59.3,9.8,18.9,27.5,35.4,79.5,13.9,30.1,,13.6,25.6,37.3,2.9,69.2,14.3,"Phoenix, AZ"
San Antonio,TX,1327407,68.8,21.2,17.4,4.9,70.9,3.2,58.3,5.4,30.8,29.1,5.9,8.4,15.7,55.3,12.7,28.9,29.4,37,77.9,12.5,37.8,82.4,14.1,30.2,35,3,75,15.2,"San Antonio, TX"
San Diego,CA,1307402,64,16.1,20.7,5,72.7,2.4,69.5,4.3,29.6,33.2,4.4,8,12.6,69.1,8.2,11.3,24.1,30.9,81.2,11.6,19.8,85.3,9.8,17.4,33.3,2.3,67.7,8.9,"San Diego, CA"
Dallas,TX,1197816,68.8,20.4,16.9,4.8,67,3,57.5,5.8,30.8,27,5.6,9.4,18.3,54.6,11.7,28.5,31.7,36.1,75.8,13.2,35.2,81.2,12.8,29.9,34.7,3.3,72.8,17,"Dallas, TX"
Honolulu,HI,953207,71.7,20,17.7,5.5,71.4,2.9,67.5,4.1,31.4,30.4,5,9.5,13.7,72.3,10.3,10.1,31.5,36,80.3,9.6,22.8,81.5,9.4,21.6,46.9,2.5,75.4,6.8,"Honolulu, HI"
San Jose,CA,945942,63.8,15.2,15,4.9,74.8,2.3,69,4,34.4,33.3,4.3,7.8,11.6,68,9,12,23.2,30.6,79.3,10.2,20.8,81.3,9.9,21.4,32.9,2.1,67.2,9.1,"San Jose, CA"
Jacksonville,FL,821784,75.2,22.3,18.9,5.9,75.8,2.9,62.9,7.6,33.5,28.9,6.3,8.3,20.4,57.4,11,20.3,33.3,35.5,79.9,13.8,31.3,83.4,13.4,28.2,38.2,3.4,76.1,18.4,"Jacksonville, FL"
Indianapolis,IN,820445,67,23.8,18.6,5.7,70.8,3,62.1,7.4,32.9,26.9,6.4,10.9,24.1,57.6,11.9,14.6,29.9,37.2,74.9,14.1,32.9,78,13.1,27.1,36.4,3.6,75.7,20.9,"Indianapolis, IN"
San Francisco,CA,805235,64.5,16,21.6,5.2,75.6,2.4,66.1,4,32.7,29.7,4.5,7.8,11.7,69.7,8.5,8.8,25,32.1,79.8,9.9,17.1,82.4,8.9,17.8,30.4,2.2,69.6,9,"San Francisco, CA"
Austin,TX,790390,63.8,14.5,20.9,4.3,69.5,2.2,64.1,4,35.9,28.6,3.9,8.3,14.9,65,7.9,20.6,22.5,30.3,79.4,11.4,25.4,83.4,9.4,20.4,29.7,2,69.7,10.1,"Austin, TX"
Columbus,OH,787033,72.3,22.2,19,5.1,70.5,2.6,62.1,6.8,30.5,34.1,5.3,10.1,22.7,63.8,9.6,11.1,29.7,31.6,80.7,14.6,32,86.7,12,25.8,39.1,3,74.5,18,"Columbus, OH"
Fort Worth,TX,741206,67.7,20.3,17.2,4.9,69.1,2.8,58.4,5.9,36.8,29.5,5.4,9.6,19.5,54.9,11.6,24.8,29.5,34.7,78.5,13,33.4,80.5,12.7,30.1,37.2,3,73.1,17.2,"Fort Worth, TX"
Charlotte,NC,731424,74.1,17.8,17.6,5,76.5,2.6,65.8,5.2,37.3,34.8,4.8,8.6,17.1,66.2,9.1,17.2,30.5,32.2,81.9,11.9,29.1,87,10.3,19.1,33.4,2.8,72.8,15.1,"Charlotte, NC"
Detroit,MI,713777,77.2,33.7,14.8,5.8,71.7,4.7,58.5,11.3,20.8,21.5,8.5,14,28.3,50.7,17.7,19.5,46.6,39.9,83.9,18,47,85.5,19.3,35.7,49.8,6.4,78.7,25.9,"Detroit, MI"
El Paso,TX,649121,67.7,20.9,17.5,4.8,68.9,3.5,53.7,5.3,26.4,24.2,6.2,8.1,15.6,53.3,14.4,32.5,31.1,36.3,79.8,12.5,34.5,81.8,14.5,29.4,36.7,3.2,75.2,14.3,"El Paso, TX"
Memphis,TN,646889,72.3,28.8,11.9,5.2,73.9,3.6,62.8,8.9,24.2,31.1,6.7,11.7,24.7,51.9,14.5,19.7,41.8,36.7,83.1,15.9,40.5,83.9,16.5,31.6,41.1,4.6,79.4,22.9,"Memphis, TN"
Baltimore,MD,620961,76.5,26.5,16.8,5.5,75.4,3.3,64.6,7.2,34.9,32.8,6.4,12.3,21.9,55,13.2,12.8,38.1,34.7,83.9,13.9,35.3,,12.3,28.6,43,4.2,78.3,19.6,"Baltimore, MD"
Boston,MA,617594,74.5,17.7,22.8,4.5,71.3,2.5,64.1,5.1,27.2,28,4.6,11.4,16.4,66.6,8.4,9.8,25.1,28.7,84,13.9,22.9,85.1,10.5,19.9,35.5,2.6,72.7,16.2,"Boston, MA"
Seattle,WA,608660,60.5,18.6,18.8,5.5,72.6,2.3,69,4,41.9,36.5,4.2,8.9,10.8,73.2,7.1,8.1,23.4,31.3,78.9,10,22.7,,8.6,13,29.4,2.1,64.8,7.5,"Seattle, WA"
Washington,DC,601723,78.6,18,24.3,4.8,77.2,2.6,67.4,5.1,31.7,27.8,4.3,10.1,17.3,74.7,8.9,7.8,28.2,30.9,82.1,11,25.2,87.3,9,17.2,36.4,3,74.7,14.4,"Washington, DC"
Nashville,TN,601222,68.6,24.8,16.5,5.4,74.6,2.7,64.8,7.1,31,35,5.6,10.4,22,62.2,9.9,15.5,32.9,35.6,80.1,13.8,31.6,84.6,13.1,26.1,39.6,3,76,15.9,"Nashville, TN"
Denver,CO,600158,59.5,19.3,23.9,5.3,71,2.4,64.2,4.2,38.3,32.1,4.3,8.8,17.3,65.3,6.2,14.8,23.7,29.2,75.3,11.4,19.8,85.2,10.3,15.4,28.4,2.4,66.7,11.5,"Denver, CO"
Louisville,KY,597337,75.8,28.5,18.1,6.7,73.9,3.2,66.8,9.4,43.1,36.4,8.1,12.3,23.2,62.8,11.5,8.3,39.7,37.8,82.2,14.3,34.2,86.2,14.3,26.3,37.9,3.7,78.3,18.5,"Louisville, KY"
Milwaukee,WI,594833,71.7,23.1,23.1,5,69.7,3.2,61.7,6.6,24.5,26.2,5.8,11,22.4,58.7,11.9,17.9,34,34.4,81.1,15.4,37.2,84.8,14,27.7,39.2,3.7,72.3,20.2,"Milwaukee, WI"
Portland,OR,583776,60.4,19.6,20,5.8,71.4,2.5,67.6,5.1,35.7,28.6,4.9,9.5,16.6,70.7,7.7,9.9,24.4,33.1,75.2,12.1,22.8,82.7,10.1,14.3,30.8,2.5,69.9,12.6,"Portland, OR"
Las Vegas,NV,583756,68.6,23.1,16.1,5.8,71.4,3.1,56.6,7.3,33.2,27.3,6.7,8.7,19.5,58.1,11.7,19.3,27.4,35.1,73.7,14.7,27.3,79.8,14.4,26.3,40.6,3.2,71.9,15.5,"Las Vegas, NV"
Oklahoma City,OK,579999,67.7,24.5,12.8,5.7,70.6,3,59.4,7.2,36.7,36.4,6.6,10.2,19,59.1,10.7,18.7,32.6,36.2,79,14.5,32.7,83.5,14,29.5,34.3,3.4,74.8,17.7,"Oklahoma City, OK"
Albuquerque,NM,545852,60.2,24.8,15.4,5.8,71.2,2.9,60,5.5,41.8,29.4,5.6,10.4,15.9,65.9,9.3,12.2,26.5,34.7,74.4,12.6,27.7,83.5,12.9,18.7,32.3,2.9,71,12.5,"Albuquerque, NM"
Tucson,AZ,520116,65.8,23.8,15.6,5.7,68.4,3.3,60.8,6.7,35,29.6,6.2,10.8,18.8,59.6,10,18,26.8,36.6,79,14.1,29,,14.4,25.5,34.2,3.2,71.4,13.4,"Tucson, AZ"
Fresno,CA,494665,61.2,19.6,15.1,4.9,66.9,3.3,59.3,6.6,31.9,27.5,5.8,9.8,17.1,55.4,11.5,18.7,28.9,34.1,78.6,14.6,33.7,79.7,14.3,26.2,36.5,3.3,68.5,17.9,"Fresno, CA"
Sacramento,CA,466488,64.5,19.2,16.8,5.2,70.1,3,68.6,5.9,29,25.8,5.4,9.9,15.7,60.5,10.4,13.2,30.3,32.1,79.7,13.2,28.1,81.6,12.7,22.7,37.8,3,67.7,13,"Sacramento, CA"
Long Beach,CA,462257,65.5,17.3,17,4.8,72.8,2.7,62.7,5.2,29.1,34.8,4.7,8.7,14.2,60.2,9.7,15.4,26.5,31.9,79.6,12.9,25.8,84.7,12.2,21.1,37.4,2.7,67.2,10.6,"Long Beach, CA"
Kansas City,MO,459787,71.1,25.3,18.5,5.7,72.4,2.9,64.3,7.3,34.8,34.3,6,10.3,22.3,59.2,11.4,16.4,33.4,37.6,79.2,14,33,81.7,13.8,24.9,38.4,3.5,76.9,18.1,"Kansas City, MO"
Mesa,AZ,439041,66.5,25.7,16.6,6.7,74.7,3.2,63.8,6.6,35.8,31.6,6.4,10.1,17.4,64.1,9.6,14.6,29.4,37.1,78.7,12.9,28,,13,23.4,35.5,3.2,73.4,13.2,"Mesa, AZ"
Virginia Beach,VA,437994,73.7,24.6,20.1,5.7,78.8,2.3,72.2,5.1,43.9,42.6,4.8,8.5,17.1,74,8.8,11.9,29.5,33.8,82.2,11.4,27.7,82.6,10.1,20.6,37.5,2.3,74.4,9.9,"Virginia Beach, VA"
Atlanta,GA,420003,74.8,18.8,16.3,4.8,74.8,2.9,62.6,5.7,29.1,31.3,5,9,17.1,62.1,10.9,17.7,33.4,31.3,83.8,12.2,27.9,84.9,11.1,25.8,38.4,3.5,74.2,19.3,"Atlanta, GA"
Colorado Springs,CO,416427,62,24.1,16.3,6.1,73.7,2.5,65.8,5,34.7,29,5,9.5,16.3,66.8,7.1,11.4,24.6,33.4,73.5,11.6,24.1,82.2,11.2,16.6,30.3,2.6,69.5,11.6,"Colorado Springs, CO"
Omaha,NE,408958,65.2,22.7,21.7,5.8,69.6,2.8,63.2,6,41.2,35,5.7,8.6,19.6,67,8.9,16.2,29.4,35,76.5,11.1,33.2,80.1,10.8,24.5,31.7,3,76.6,15.7,"Omaha, NE"
Raleigh,NC,403892,72.7,17.4,17.7,4.8,76.1,2.3,69.1,4.6,44.2,42,4.2,8.5,15.6,66.8,7.8,15.6,26.8,30,81.7,12.2,27.9,86.8,9.2,17.9,33.1,2.4,71.5,12.1,"Raleigh, NC"
Miami,FL,399457,75.3,19.7,14.8,5.3,72.6,4.1,47.4,7.1,20.5,18.2,7.6,7.4,16.6,53.3,14.6,36.2,32.5,38.3,83,13.1,29.5,82,15.5,42.2,34.8,4.2,78.4,19.4,"Miami, FL"
Cleveland,OH,396815,75.5,30,13.8,5.7,69.4,4.2,53.6,10.5,26.8,23.1,8.4,11.8,29.3,51.4,16.2,16.5,40.7,36.1,78.2,16.5,39.2,82.4,17.5,36.2,42.5,5.5,81,31.7,"Cleveland, OH"
Tulsa,OK,391906,70.1,25.8,12.8,6.3,70.7,3.1,59.6,7.4,43,31.4,6.7,10.3,19.3,58.5,10.9,17.8,35.4,37.4,76,14.3,30.3,81.9,14.4,30.2,33.9,3.6,76.5,19.9,"Tulsa, OK"
Oakland,CA,390724,67.1,19.2,17.1,5.1,73.4,3,67.6,5.2,30.5,29.9,5,9.8,15.5,60.6,11,13.2,28.9,30.8,80.6,12.4,25.1,83.6,12,21.5,37.3,3.1,71.6,13.5,"Oakland, CA"
Minneapolis,MN,382578,66.5,16,23.9,4.6,68.3,2.3,67.1,3.9,36.5,36.6,4,8.5,17.3,68.8,6.7,10.5,22.7,28.7,81.7,10.9,25.3,84,8.8,17.6,30.4,2.4,70.6,11.5,"Minneapolis, MN"
Wichita,KS,382368,64.9,24.1,14.8,6.2,69.6,2.9,61,6.6,28.5,31.3,6.5,9.7,22.3,62.8,10.3,18,31.8,39.3,75.2,12.2,31.3,81.9,11.8,26.9,35.5,3.2,74.9,17.7,"Wichita, KS"
Arlington,TX,365438,68.3,19.9,17.1,5.1,70.4,2.6,61,5.6,40.1,32.7,5.1,9.4,18.7,57.4,10.6,22.1,28.7,34.7,78.3,12.5,31.9,80.1,11.8,28.1,36.9,2.6,72.7,13.4,"Arlington, TX"
Bakersfield,CA,347483,61.7,19.1,18.8,5,70.7,2.9,62,6.1,32.5,27.7,5.4,9.5,17.2,60.9,9.9,16.4,25.4,31.5,80.2,14,29.3,83,13.1,24,37.2,2.9,67.2,15.2,"Bakersfield, CA"
New Orleans,LA,343829,72.1,24.4,19.5,5.2,73.1,3.3,62.8,6.8,26.1,27.5,6.2,9.4,20.6,56.4,13,16.1,38,35.5,81.6,13.3,33.8,85.9,12.7,26.8,40.7,4.1,80.6,18.8,"New Orleans, LA"
Anaheim,CA,336265,63.8,16.7,16.3,4.7,70.3,2.7,63.5,5.2,36.7,30.2,4.9,8.4,14.2,60.4,10,17,25.2,33.4,78.8,12.3,24.1,81.9,12.5,21.7,34,2.5,67.2,12.3,"Anaheim, CA"
Tampa,FL,335709,73.6,22.3,17.9,5.6,73.7,3.1,58,6.9,30.1,28.3,6.1,8.4,19.4,55.5,11.9,23.1,30.6,33.8,79.3,13.9,28.5,81.9,13.8,30.2,35.6,3.5,73.6,19.4,"Tampa, FL"
Aurora,CO,325078,58.7,21.5,17.6,5.1,71.7,2.6,60.2,5.1,35.3,33.2,4.7,9.2,18.6,62.8,7.5,15.8,26.9,31.3,73.3,12.1,25.5,81.7,10.9,19.4,31.8,2.7,68.4,13.8,"Aurora, CO"
Santa Ana,CA,324528,60.7,15.5,15.7,3.7,62.9,3,55.5,5.4,30.1,25,5,8.9,16.4,50.3,11.3,25.8,25,33.7,78.1,14.5,27.6,81.5,14.9,27.3,35.8,2.6,63.4,16.2,"Santa Ana, CA"
St. Louis,MO,319294,73.7,28.8,18.6,5.5,70.3,3.3,61.9,7.8,32.7,29.7,6.4,11.4,24.9,54.6,13,17.9,34,33,79.3,15.5,36.7,84.9,15.4,28.8,37.7,4.2,77.5,23.3,"St. Louis, MO"
Pittsburgh,PA,305704,71.9,27.4,22.8,5.8,71.1,2.8,61.7,6.5,46.1,37.7,5.9,10.7,20.1,58.9,9.7,9.3,30.7,34.9,79.4,13.5,30,81.7,12,22.5,39.4,3.3,77.7,17.1,"Pittsburgh, PA"
Corpus Christi,TX,305215,69.8,23.9,18.1,5.4,72.3,3.2,60.4,6,31.5,29.8,6.5,8.6,16.7,56.9,14.4,27.4,32.5,38.2,79.8,12.2,37.2,82.3,14.1,30,33.9,3.1,76.7,15.1,"Corpus Christi, TX"
Riverside,CA,303871,63.6,18,18.7,4.7,68.1,2.7,66.2,5.2,30.3,30.9,4.9,8.8,15.2,60.8,9.1,16.1,26.4,31.9,81,13.1,28.1,83.9,12.2,23.3,38.7,2.6,65.7,13.9,"Riverside, CA"
Cincinnati,OH,296943,75.2,26.4,16.9,5.5,70.2,3.2,60.6,7.9,31,27,6.4,10.9,22.7,58.5,12.8,12.2,34.1,35.4,80.3,15,36.3,86,13.7,29.5,42.6,3.9,78.7,20.6,"Cincinnati, OH"
Lexington,KY,295803,74.8,25.3,18.4,5.6,72.2,2.6,70,7.8,42.6,36.8,6.3,11.3,20.5,65,9.6,7.8,32.6,33.3,80.7,13.3,32.4,85.3,13,24.8,39.3,2.8,76.4,15.9,"Lexington, KY"
Anchorage,AK,291826,56.9,19.8,19.4,5.1,68.8,2.2,62.2,5,39.6,33.3,4.5,9.3,18,65.2,7.6,12.5,26.8,34.8,71.3,11.4,27.6,79,10.6,17.5,31.3,2.3,63.7,12.9,"Anchorage, AK"
Stockton,CA,291707,62.7,20.6,15.6,4.9,68.2,3.3,61.6,6.5,31.4,27,6.1,9.5,16.3,56.1,11.9,17.5,30.6,35.1,80.9,14.4,30.5,82.8,14.4,27.8,37.6,3.4,69.8,17.8,"Stockton, CA"
Toledo,OH,287208,74.6,30.8,16.8,6,70.6,3.4,56.9,9.4,30.6,27.2,7.8,11.1,26.2,59.2,12.8,13.2,35.6,34.3,78,15.9,37.3,83.9,15.2,32.5,42.9,4.1,77.2,19.7,"Toledo, OH"
St. Paul,MN,285068,67,19.2,20.1,5,69.4,2.5,65,4.4,35.5,31.8,4.7,8.5,17.6,68.1,8.2,11.1,23.5,29.9,81.9,11.3,29.7,81.6,10.2,19.3,30.5,2.7,72.7,14,"St. Paul, MN"
Newark,NJ,277140,78.9,22.5,13.6,4.2,69.1,3.5,50.5,7.6,24,22.5,6.4,10.8,22.9,56.3,13.4,23.7,35,33.4,81.5,15.8,36.4,85.6,16.7,41.7,49.4,4.1,73.4,22.2,"Newark, NJ"
Greensboro,NC,269666,74.1,22.7,16,5.5,75.4,2.9,69,6.1,40.6,37.7,5.6,9.1,19.6,58,10.5,17.6,33.2,35,81.6,13.2,35.5,85.8,11.4,22.9,35.6,3.4,74.7,16,"Greensboro, NC"
Buffalo,NY,261310,75.9,28.5,18.5,5.8,72.8,3.4,58.5,8.5,29.8,27.8,7.1,12.7,24,58,13.3,13.4,36.1,34.7,82.7,15.5,36.4,85,15.8,32.2,42.4,4.2,75.8,22.8,"Buffalo, NY"
Plano,TX,259841,70.6,20,17.7,5.6,78.1,2.2,65.9,4.1,38.2,37.9,4.3,7.8,12.9,68.4,8.3,13.5,26.3,36,77.6,9.8,26.5,80.6,8.9,20.2,32.6,2,73.7,8.3,"Plano, TX"
Lincoln,NE,258379,63.1,19.3,24.3,5.7,68.5,2.4,65.7,4.8,45.4,37.5,4.7,8.3,17.2,70.2,7.2,13.2,23.9,33.3,75.7,10.7,28.7,83,8.7,19.9,28,2.4,74.5,10.4,"Lincoln, NE"
Henderson,NV,257729,70,23.4,17.2,6.6,77.1,2.7,62.8,6.4,37,30.8,6.2,8.2,16.8,67.3,10,12.1,26.2,34.8,74.2,12.6,23.8,80,12.1,20.8,38,2.7,73.3,10.7,"Henderson, NV"
Fort Wayne,IN,253691,65.2,25,17.8,6.2,71.5,3,61.2,7.5,28.1,27.6,6.9,10.9,21.8,65.1,11.1,13.4,32.2,37.2,71.9,13.4,34.8,80.1,13.5,25.7,32.8,3.4,76.5,17.7,"Fort Wayne, IN"
Jersey City,NJ,247597,76.4,17.9,15.4,4.3,74.3,2.6,52.2,5.3,25.9,23.1,4.7,8.3,16.9,65.3,9.1,15.5,28.8,30.6,76.7,11.7,27.8,80,11.7,32.9,43.6,2.6,73.9,13.6,"Jersey City, NJ"
St. Petersburg,FL,244769,76.9,25.1,18.9,7,78.7,3.1,64.3,7.8,34,33.9,7.1,8.1,20.3,60.4,10.8,18.3,32.5,34.6,78.2,13,29.4,79.2,13.3,27.8,39.8,3.7,77.9,16.1,"St. Petersburg, FL"
Chula Vista,CA,243916,64.3,16.5,19.1,4.8,72.9,2.7,65.6,4.5,25.8,29.1,4.7,7.9,12.5,66,9.8,15.2,25.5,32.5,80.7,11.8,21.9,85.4,11.1,20.6,34.4,2.5,68,10.8,"Chula Vista, CA"
Norfolk,VA,242803,74.7,21.2,20.2,4.7,71.3,2.6,64.9,5.8,33.4,32.6,5.1,9.6,20,62.3,9.9,15.6,30.3,30.9,83.4,13.1,32.7,84.3,11.4,22.6,41.2,3,74.3,17.3,"Norfolk, VA"
Orlando,FL,238300,71.6,18.4,19.1,4.8,72.7,2.8,60.2,6.3,29.3,28.2,5.3,8.2,17.2,58.8,10.1,23.7,29.3,33.4,80.8,13.4,29.7,84.1,12.8,29.5,37.6,3.1,71.1,17.7,"Orlando, FL"
Chandler,AZ,236123,65.4,20.3,18.6,5.3,76.9,2.4,65.4,4.6,37.6,34.5,4.2,9.4,14.8,70.7,7.3,11,24,32.5,80,11.2,25.3,,10,18.4,35.2,2.1,68.9,9.4,"Chandler, AZ"
Laredo,TX,236091,64.3,19.8,15.5,3.9,63.4,3.7,44.2,5.7,22.1,18.5,6.3,8.6,17.4,44.9,14.7,41.5,29.6,36,76.2,14.2,40.7,82.4,16,38.1,35.4,3.2,71.4,20.1,"Laredo, TX"
Madison,WI,233209,66.6,17,27.4,5.1,69,2.1,72,4.2,32.2,34,4.2,8.8,14.5,72.8,6.3,9.9,21.5,30.1,82,11.7,26.1,85.8,9,15.6,29.4,2,68.9,9.7,"Madison, WI"
Winston-Salem,NC,229617,74,23.1,15.2,6,76,3.2,66,7,37.7,35.2,6.5,9.2,20.1,58.1,11.8,19.7,35.3,35.4,82.1,14.1,36.7,87.6,12.9,26.1,35.9,3.9,76.9,18.6,"Winston-Salem, NC"
Lubbock,TX,229573,66.6,21.1,18.6,5.2,66.7,2.7,60.6,5.7,31.3,28.1,5.5,9.2,17.9,52.2,9.7,22.7,29.6,36.7,76.8,13.1,35.2,79.5,11.8,27.5,35,2.8,72.8,14.4,"Lubbock, TX"
Baton Rouge,LA,229493,72.5,22.1,16.8,5.2,70.6,3.1,64.9,6.8,26.7,29.2,6.4,9.4,19.9,55.3,12.5,16.3,36.9,35,81,14,33.8,85,12.8,29.3,37.9,3.7,78.3,17.2,"Baton Rouge, LA"
Durham,NC,228330,73.5,18.8,15.8,4.8,74.6,2.6,67.6,5.3,35.4,35.1,4.8,8.8,16.8,59.5,9.4,18.1,29.7,30.3,82.1,12.7,30.7,84.5,10.8,22.2,34.4,2.9,72.8,16.2,"Durham, NC"
Garland,TX,226876,68.9,21.6,16.5,5.2,69.6,2.9,58,6.2,31.4,28,5.9,9.1,18.3,57,11.3,26.1,31.7,38,73.3,12.9,32.7,78.9,12.7,29.4,34.2,3.1,73.9,15.6,"Garland, TX"
Glendale,AZ,226721,64.9,23.8,16.4,5.5,71.6,3.1,59.4,6.5,32.9,29.3,5.8,10.4,18.9,59.9,10,17.4,28.2,36.1,79.1,14,29.8,,13.8,25.7,37.3,3.1,70.7,15.1,"Glendale, AZ"
Reno,NV,225221,63.4,22.6,19.4,5.8,71.3,2.7,63.1,6.3,34.3,26.8,6,8.9,18.3,62.4,9,16.3,27,37.4,71.6,14.8,25.7,81.4,13.6,22.1,33.5,2.9,68.7,17,"Reno, NV"
Hialeah,FL,224669,75.1,21.1,13.3,5.6,72.9,4.6,45.3,7.3,19.4,17.4,8.6,7,15.4,50.9,16.5,42.9,33.9,41.6,82,13,30.2,81,17,46.8,33.9,4.2,79.6,18.5,"Hialeah, FL"
Chesapeake,VA,222209,76.4,24.6,16.6,5.8,79.3,2.6,71.8,5.7,45,35.4,5.3,9,17.2,72.5,10.3,12.2,32.9,35.5,82.3,11.7,32.8,86,10.8,22.6,38.1,2.8,77.9,13,"Chesapeake, VA"
Scottsdale,AZ,217385,70.1,26.6,16.5,8.2,83.1,2.9,71.3,5.2,41.4,37.1,6.1,9,11.9,76,8.4,7.4,29.7,37.7,80.5,9.5,23.7,,10,16.7,31.4,2.7,76.7,7.2,"Scottsdale, AZ"
North Las Vegas,NV,216961,67.2,20.2,16.5,4.5,67.1,2.9,53.8,6.7,29.6,25,5.5,9.1,21.1,54.2,11.3,22.4,25.7,32.5,74.4,15.8,29,79.8,14.4,27.8,43.1,3,68.3,18.2,"North Las Vegas, NV"
Irving,TX,216290,67.1,17.6,17.7,4.3,67.6,2.5,57.1,5,31.6,27.9,4.8,8.5,16.6,58.8,9.4,25.4,27,33.9,73.6,12.1,30.6,79.8,11.1,26.8,33.7,2.5,69.8,15.8,"Irving, TX"
Fremont,CA,214089,66.4,15,16.8,4.9,78.6,2,70.7,3.3,36.4,36.6,3.7,7.2,10.4,72.4,7.9,7.6,22.7,29.6,78.7,8.5,15.7,80.2,7.8,15.6,34.6,1.7,70.3,6.7,"Fremont, CA"
Irvine,CA,212375,65.5,13.5,16.5,4.7,75.6,1.9,71,3.3,43.2,36.4,3.4,7.3,9.5,73.7,6.8,6.6,20.4,29.7,80.7,9,16.4,81.7,7.7,13.3,31.5,1.6,67.2,6.3,"Irvine, CA"
Birmingham,AL,212237,76.9,29.3,13.2,5.6,74.8,3.8,64.1,8.8,32.9,26,7.5,10.5,22.3,52.6,16.7,19.2,43.8,39.2,83.6,15.2,41.7,85,16.3,35.6,41.5,5,81.3,22.8,"Birmingham, AL"
Rochester,NY,210565,68.7,25.6,16.7,5.2,70.5,3.3,59.9,8.1,32.6,29.6,6.2,12.6,24.2,57.2,12,15.4,31.4,32.4,81.8,16.4,38.9,81.4,15.5,31.8,39.7,4,73.6,22.9,"Rochester, NY"
San Bernardino,CA,209924,63.3,20.3,15.5,4.4,66.2,3.6,53.9,7.3,22.4,23.3,6.2,10.7,19.1,47.8,12.8,22.6,31.5,36,81.5,16.6,32.3,82.7,16.6,29.4,41.3,3.8,66.8,22.9,"San Bernardino, CA"
Spokane,WA,208916,62.5,24.4,17.7,6.7,69.8,3,65.1,7.6,36.4,33.6,6.4,11,19.4,60.9,9.6,10.6,29.3,37.1,79.7,13.9,30.6,,13.5,19.9,32.4,3.3,70.5,17.5,"Spokane, WA"
Gilbert,AZ,208453,64.8,19,20.3,5,77.9,2.1,67,4.1,39.1,36.6,3.7,9.3,14.7,73.6,6.3,9,22.1,30.9,80.4,10.9,24.5,,9.1,16.3,34.8,1.8,67,7.6,"Gilbert, AZ"
Montgomery,AL,205764,76.5,29.4,15.1,5.9,75.9,3.3,64.9,8.2,33.6,31,6.8,10.4,21,60.6,13.7,17.9,40.3,37.4,82.4,14.5,36.4,85.5,14.5,29.8,38,4.2,78.9,18.1,"Montgomery, AL"
Boise City,ID,205671,58.4,21.6,18.4,6,71.6,2.4,62,5,39.6,33.3,5.1,9.1,14.1,69,8,14.5,27.8,36,70.5,12.1,24.8,80.4,10.2,17.9,27.8,2.5,64.8,13,"Boise City, ID"
Richmond,VA,204214,73.4,22.1,17.4,5,71.9,3.1,63.4,6.4,31.5,33.6,5.6,10.1,20.1,62.2,11.8,16.7,33.2,33.1,84.1,13.8,32.6,83.8,12.3,26.3,38.7,3.7,77.5,18.9,"Richmond, VA"
Des Moines,IA,203433,68.5,24.8,19.8,5.9,69.2,2.7,65.3,6.1,40.5,33,6,8.6,22.1,65.7,9.7,10.4,28.1,36,78.9,12.6,32.8,85.4,11.7,24.9,32.7,3.1,74.9,15.7,"Des Moines, IA"
Modesto,CA,201165,64.5,21.8,17.3,6,71.5,3.1,65.1,6.7,33,29.6,6.3,9.5,16,61,10.8,14.3,30.8,35.3,78.6,13.8,31.3,84.8,13.6,25,36.1,3.2,69,15.2,"Modesto, CA"
Fayetteville,NC,200564,77,23.5,15.6,5.1,74.2,2.8,66.9,6.1,37.2,33.5,5.5,9.2,18.9,63.7,11,17.8,34.6,32.7,80.7,14,34.2,87.5,11.7,23.2,38.3,3.2,74.4,17.3,"Fayetteville, NC"
Shreveport,LA,199311,75.6,28.3,14.8,6.1,73.1,3.6,58.8,8.2,27.2,28.5,7.7,9.9,23.2,49.6,14.1,17.2,42.8,39.1,81.9,14.2,42.6,86,14.7,31.4,38.1,4.6,81.7,21.8,"Shreveport, LA"
Akron,OH,199110,74.2,29.1,15.4,6.1,69.6,3.4,57.5,9.5,26,26.5,7.6,11.1,26.2,54.3,12.7,12.3,36.5,36.4,76.3,15.6,35.7,82.9,15.2,32.4,42.9,4.2,78.4,21.6,"Akron, OH"
Tacoma,WA,198397,63.3,25.5,16.5,6.1,70,2.9,64.8,6.5,37.8,33.1,5.9,10.6,18.2,62.1,9.7,12,32.1,38.4,77.3,13.7,32.6,,13.1,20.4,38,3.1,69,14.6,"Tacoma, WA"
Aurora,IL,197899,65.1,19.8,20.1,4.5,70,2.6,57,5.3,27.1,29.8,4.8,9.2,18.3,62,9.3,18.6,26.4,33.3,78.4,12.3,34.4,84.5,12.3,26,35,2.5,70.3,16.6,"Aurora, IL"
Oxnard,CA,197899,60.9,16.9,17,4.3,67.2,2.9,62.3,5.3,27.7,28,5.1,8.8,15.2,56.3,10.8,22.3,26.5,32.7,79.2,13.7,28.3,84.1,13.4,26.9,37,2.7,66.6,14.7,"Oxnard, CA"
Fontana,CA,196069,62.7,15.9,18.2,3.8,69.4,2.7,58.5,4.9,24.4,26.3,4.4,9.3,15.2,57.5,9.8,19.3,26.3,32.3,82,13.6,28.2,83.3,12.6,23.6,39.5,2.4,63.4,16.4,"Fontana, CA"
Yonkers,NY,195976,71.6,25,17.1,6.2,76.8,3,65.3,6.5,35.4,31.3,6.2,10.7,15.9,63,10.8,14.7,29.6,37.9,78.1,12,25.5,82.7,13,29.2,36.3,3.2,74.8,15.3,"Yonkers, NY"
Augusta,GA,195844,76.4,26.6,14.3,5.5,73.5,3.4,60.3,8,34.4,28,6.6,10.2,22.5,59.8,12.9,21.2,39.4,36.1,81.7,14.5,35.6,83.9,14.4,33.2,42.5,4.2,77.6,22.6,"Augusta, GA"
Mobile,AL,195111,74.6,32.1,14.7,6.3,75.9,3.4,65,8.6,31.8,30.7,7.7,9.9,20.2,58.7,15.2,17,42,39.9,82,14.7,39,85.5,15.7,29.5,39.1,4.5,79.3,19.7,"Mobile, AL"
Little Rock,AR,193524,73.5,26,15.4,6.1,75.1,3,70.4,6.7,42.6,31.4,6.2,9.3,19.9,65.9,11.4,11.9,37.2,37,78.4,14.2,34.2,,13.9,28.9,36.5,3.4,77.9,15.3,"Little Rock, AR"
Moreno Valley,CA,193365,64.1,17.9,18,4.1,67.6,2.8,63.1,5.3,26.8,28.5,4.8,9.3,16.5,57.2,10.2,18,28.1,31.9,81.5,13.8,31.2,84.3,13.1,25.6,41.1,2.7,65.5,15.6,"Moreno Valley, CA"
Glendale,CA,191719,67.3,20.8,16.6,6.5,78.6,2.9,66.1,6,31.4,36.6,5.7,8.4,13.3,66.4,9.5,9.7,28.3,34.8,78.3,11.7,22.5,84.2,11.9,18.6,34.6,3,71.7,10,"Glendale, CA"
Amarillo,TX,190695,67.2,23.8,18.1,6.2,71.6,3,59.5,6.6,34.9,29.6,6.4,9.2,19.3,59,11,22.8,31.6,37.4,74.3,13,33.5,80,13.1,27.7,34.1,3.2,76.4,14.5,"Amarillo, TX"
Huntington Beach,CA,189992,67,18.9,18.1,6.4,79.2,2.5,72.1,5,43.7,36.5,5.1,8.2,12.1,72.5,8.5,8.2,25.8,33.8,79.7,10.3,21.1,83.6,10.4,15.2,30.7,2.4,71,7.7,"Huntington Beach, CA"
Columbus,GA,189885,76.7,26.6,13.9,5.8,75.6,3.3,60.1,7.5,29.2,30.3,6.4,9.5,21.4,59.3,12.9,20.2,37.7,36.5,81.6,14,34.3,83.9,14.1,32.2,41.4,4,77.2,19.6,"Columbus, GA"
Grand Rapids,MI,188040,71.6,26.4,20.7,5.8,69.8,3,65.1,7.5,38.8,30.4,6,11,20.6,64.9,9.7,14.4,30.1,34.3,81.8,14,33.9,85.2,13.5,24.1,36.1,3.2,73.2,14,"Grand Rapids, MI"
Salt Lake City,UT,186440,60.9,18.1,15.1,4.9,64.1,2.5,67.5,4.1,34.1,32.4,4.2,8.9,10.9,68.5,7.4,15.6,22.4,31.8,78.2,12.2,25.8,79.2,10.1,16.9,30.4,2.4,66.3,11.3,"Salt Lake City, UT"
Tallahassee,FL,181376,75.1,15.9,19.9,4.3,65.8,2.3,72.2,5.6,37.2,41.2,4,8.5,16.3,63.3,7.4,20,23.3,27.5,84.7,14.8,28.4,84.3,10.6,24.9,34,2.4,68.1,12.8,"Tallahassee, FL"
Worcester,MA,181045,77.4,24,18.3,5.7,73.6,2.8,65.2,6.7,31,27.9,6,11.4,21.1,61.3,9.8,11,30.1,34.9,80.5,14.6,28.5,84.4,12.9,26.4,38.2,3,74.6,19.2,"Worcester, MA"
Newport News,VA,180719,74.8,24,15.6,5.5,75.4,2.8,65.7,6.1,36,34.3,5.5,9.7,19.7,64.5,11.3,15.3,34,33.6,81.3,13.2,33.6,85.1,11.7,23.4,38.1,3.2,75.8,16,"Newport News, VA"
Huntsville,AL,180105,69.6,29.2,14.1,6.4,76.8,3,71.7,7.6,46.4,39.5,6.7,9.5,18.5,61.2,12.2,15.3,36.8,38.9,80.2,13.3,32.6,82.9,13.2,26,37.8,3.4,79,14.2,"Huntsville, AL"
Knoxville,TN,178874,68.3,27.6,14.7,6,73.1,3,64.7,8.5,32.9,34.6,6.5,10.9,23.9,55.9,10.6,15.6,34.9,36.5,80,16.1,32.1,82.3,15.1,26.9,36.8,3.4,76.2,17.2,"Knoxville, TN"
Providence,RI,178042,79.4,21,15.6,4.6,69,2.8,61.6,6.8,34.6,26.9,5.5,12.6,18.8,63.3,10.3,16.3,28.2,30.9,84.2,16.4,29.6,,14.1,31.6,41.1,2.9,73.3,16.8,"Providence, RI"
Santa Clarita,CA,176320,66.1,17.5,19.7,5.6,78.5,2.3,68.1,4.7,32.9,39.3,4.3,8.1,12.4,70.1,7.7,10,24.3,31.4,79.4,11.2,22.9,85.8,10.4,16,34.4,2.2,67.3,7.6,"Santa Clarita, CA"
Grand Prairie,TX,175396,68.4,18.9,17.6,4.5,69.6,2.6,58.3,5.2,32,28.2,4.9,9,17.7,58,10.4,25.7,29,34.6,75.3,12.4,33.1,80.3,11.7,28.2,35.4,2.6,71.7,15.4,"Grand Prairie, TX"
Brownsville,TX,175023,64.6,21.9,14.2,4.5,64.7,4,47.2,6.3,21.8,20.2,7.1,8.8,17.5,46.9,15.9,41.6,32,38.2,75.5,14.3,43.8,81.8,16.5,38.6,35,3.7,74.1,19.8,"Brownsville, TX"
Jackson,MS,173514,79.1,27.7,11.5,5.1,71.3,3.6,57.3,7.2,30.8,24.5,6.6,10.1,21.8,52.4,14.5,21.9,43.9,34.7,79.1,15.1,43.6,88.1,14.6,32.5,40.5,4.8,79.2,25.2,"Jackson, MS"
Overland Park,KS,173372,71.9,21.7,18.3,6.5,79.8,2.2,72.1,4.2,40.8,35.1,4.7,8.3,12.5,78,7.2,9.7,26.7,37.2,80.6,8.4,24.1,86.4,7.5,15.4,25.7,2.1,76.4,7.8,"Overland Park, KS"
Garden Grove,CA,170883,64.9,17.3,13.9,4.7,71.1,2.8,60.2,5.3,34.4,29.2,5.3,8,14.5,58.4,11.5,15.5,27.2,35.9,77.1,11.9,21.1,77.6,12.5,23.7,35.7,2.6,70.4,12.9,"Garden Grove, CA"
Santa Rosa,CA,167815,63.7,20.9,17.9,6.6,74.9,2.7,70.2,5.8,36.5,33.3,5.4,9.2,14.4,65.7,8.5,11.5,27.6,33.4,76.7,12.4,24,83.5,11.6,19.7,33.6,2.7,69.9,10.2,"Santa Rosa, CA"
Chattanooga,TN,167674,72.7,30,12.8,6.3,76.4,3.4,65.2,9.1,31.2,27.5,7.4,10.7,23.3,58.5,13,16.3,40.1,37.8,79.8,14.8,33.7,84.7,15.5,29.4,39.7,4.2,80.1,18.5,"Chattanooga, TN"
Oceanside,CA,167086,64.9,19.1,20.4,5.9,73.5,2.8,68.7,5.4,29.1,32.2,5.4,8.5,13.9,67.6,9.1,12.4,27,33.4,80.3,12.5,21.7,85.4,11.4,19,33.4,2.8,69.9,10.4,"Oceanside, CA"
Fort Lauderdale,FL,165521,77.1,23.2,17.2,6.6,78.7,3.1,61.6,7.4,34.3,29.8,6.9,8,17.9,61.2,11.9,21.2,34,38.1,82.8,13,28.4,81.6,13.4,28,37.4,3.8,76.5,14.3,"Fort Lauderdale, FL"
Rancho Cucamonga,CA,165269,65.4,16.9,19.6,4.8,77.2,2.3,66.8,4.4,31,32.8,4.1,8.8,12.8,68.9,8.1,10.3,25.8,31.9,82.7,11.3,24.1,84,10.1,17,36.9,2.1,66.4,9.9,"Rancho Cucamonga, CA"
Port St. Lucie,FL,164603,76.9,25.2,17.1,6.9,78.1,3.2,66.4,8.3,31.3,34.6,7.7,8.2,20.2,63.4,11.8,21.2,32.3,36.7,81.2,12.8,30.6,83.6,14.4,31.4,37,3.7,77.8,15.1,"Port St. Lucie, FL"
Ontario,CA,163924,62.4,16.8,18,4,69,2.8,58.4,5.3,24.9,26.7,4.7,9.4,15.6,56.3,10.1,20.1,26.9,33.2,81.6,13.9,28.5,83.1,13.2,24.3,39.1,2.5,64,16.2,"Ontario, CA"
Vancouver,WA,161791,61.8,25.5,16.6,6.4,71.2,2.9,68.3,6.6,36,33.2,5.9,10.2,17.5,66.3,9.6,10.9,29.1,36.6,76.4,13.1,31.1,,12.8,18.8,32.4,3,68.5,13.7,"Vancouver, WA"
Tempe,AZ,161719,63.1,17.8,19.3,4.5,67,2.3,64.7,4.6,37,33,4,9.9,15.8,65.8,6.6,12.4,21.6,30.5,80.4,12.9,24.7,,9.9,19,35,2,65.6,10,"Tempe, AZ"
Springfield,MO,159498,68.5,28.3,16.1,6.4,68.1,3,56.5,8.4,35,28.3,6.9,10,24.5,51.7,10.1,15.9,30.4,36.6,73,15.7,32.4,80,14.9,27.6,32.5,3.5,76.6,19.9,"Springfield, MO"
Lancaster,CA,156633,65.4,19,17.6,4.8,71.4,3,59.7,6.4,25.9,31.1,5.2,9.4,16.9,56.3,10.4,15.8,28.2,32.6,79.1,14.5,29,85.4,13.9,22.7,38.8,3.2,67.2,15,"Lancaster, CA"
Eugene,OR,156185,62,23.3,18.8,6.3,66.8,2.7,64.4,6.2,30.4,32.4,5.6,10.3,16.9,70.7,7.8,10.6,24,34.1,77.7,13.5,25.6,82.1,11.5,16.3,29.9,2.8,70.3,12.5,"Eugene, OR"
Pembroke Pines,FL,154750,77.4,20.8,17.1,6.3,80.6,3,61.9,5.7,31.6,27.1,6.1,7.1,13.1,66.6,11.1,21.4,30.3,36.1,82.7,10.9,25.7,82.2,11.6,26.4,35.8,3.1,76.3,14.1,"Pembroke Pines, FL"
Salem,OR,154637,60.7,25.5,16.6,6.5,69.1,2.9,64.4,6.8,34,30.9,6.2,10.4,18.6,65.5,9,13.6,29.2,34.4,76.7,14.2,34,81.1,13,19.1,32.6,3.1,70.1,15,"Salem, OR"
Cape Coral,FL,154305,75.8,26.6,18.3,7.4,79.6,3.1,65.4,8,36.1,34,7.4,7.6,17.1,63.3,10.9,19.7,31.4,36.1,78.9,12.3,27.8,82,13.6,27.5,33.3,3.4,78.8,13,"Cape Coral, FL"
Peoria,AZ,154065,67.8,25.5,17.2,7,78.7,2.9,66.2,5.9,37.9,33.5,6,9.7,15.5,69.7,8.9,11.1,28.8,36.5,79.2,11.5,26.2,,11.7,20.6,34.5,2.9,74.3,10.7,"Peoria, AZ"
Sioux Falls,SD,153888,68.8,21.8,20,6.2,70.9,2.4,66.2,5.3,44.4,42.2,5.6,7.9,19,71.5,7.7,11.3,25.9,30.4,82.2,10.4,31.5,82.9,9.9,18.6,27.2,2.6,74.9,12.7,"Sioux Falls, SD"
Springfield,MA,153060,78.5,27.5,16.3,5.5,71.3,3.5,59.6,8.2,27,25.2,7.4,12.7,23.5,58.7,13.3,15.9,31.7,36,83.3,17.1,36.2,84.3,16.5,34.5,38.9,4,75.8,26,"Springfield, MA"
Elk Grove,CA,153015,65.3,17.2,17.8,5.1,75.4,2.4,71.8,4.5,31.8,29.4,4.3,9,13,69,8.6,9,27.7,30.5,79.7,11,24.4,81.4,10.1,18.2,37,2.2,67,8.7,"Elk Grove, CA"
Rockford,IL,152871,68.3,28.7,16.6,6.7,72.5,3.4,58.2,8.2,32.1,26.7,7.4,10.4,22.8,56.3,11.9,15.5,34.9,39,72.4,13.8,36.3,82.5,15.2,30.3,38.8,4,77.6,18.6,"Rockford, IL"
Palmdale,CA,152750,64.6,18,17.1,4.4,70.7,3,58.6,6,25.2,30.5,4.9,9.3,16.3,55.6,10.6,18.7,27.3,32.6,79.3,14.6,29.3,85.3,14.3,24,38.6,3,65.9,14.5,"Palmdale, CA"
Corona,CA,152374,64.2,17.3,19.6,4.7,73.2,2.5,67.5,4.7,31.1,32.1,4.5,8.3,14.2,65.4,8.6,13.6,25.4,30.9,81.2,11.9,27.1,84.4,11.2,21.2,38.4,2.3,65.5,12.1,"Corona, CA"
Salinas,CA,150441,60.4,16.3,16.5,4.2,63.9,3,53.9,5.7,27.3,24,5.2,9.2,16.7,52.4,10.7,24.9,25.5,33.9,75.8,14.5,30.8,82.9,14.1,28.1,35.2,2.8,65.2,16.6,"Salinas, CA"
Pomona,CA,149058,63.3,16.4,16.6,4.1,68.1,2.9,56.9,5.2,23.8,29.6,4.8,8.6,14.7,54,10.7,21.6,25.9,32.5,79.2,13.9,27.9,84.4,13.7,24.9,37.9,2.8,65.3,13.5,"Pomona, CA"
Pasadena,TX,149043,65.1,19.6,16.9,5,66.7,3,55,6.2,28.3,29,6,8.6,17.3,52.8,11.5,32.8,28.5,38.5,74.5,13.9,32.3,80.5,14,31.4,34.5,2.9,71.5,18.6,"Pasadena, TX"
Joliet,IL,147433,66.5,21.8,20.3,5.2,71.5,2.7,58,6.1,31.9,26.2,5.3,9.7,20.5,58.2,9.5,15.8,28.4,33.3,75.6,12.5,37.6,83.7,12.7,27.9,34.8,2.8,71.3,18.7,"Joliet, IL"
Paterson,NJ,146199,76.1,22.9,13.7,4.3,70,3.6,44.3,7.7,22.7,19.2,6.6,9.9,22.4,52,13.6,28,35.8,35.9,77.8,15.7,39.1,83,16.9,43.3,43.5,3.9,73.5,23.6,"Paterson, NJ"
Kansas City,KS,145786,65.7,23.5,14.3,5.5,66.9,3.4,54.6,7.9,29.3,23.8,6.8,10.7,25.1,51.9,12.9,25.2,35,38.9,73.9,13.6,43.6,78.7,13.6,35.3,37,4,75.2,21.8,"Kansas City, KS"
Torrance,CA,145438,69,17.8,15.8,6.2,82.2,2.4,68.3,4.1,33.3,39.9,4.6,7.1,9.7,72.7,8.7,7.6,26.3,33.5,79,9,18.4,83.1,9,15.8,34.4,2.2,72.2,6.2,"Torrance, CA"
Syracuse,NY,145170,72.7,26.1,18.4,5.2,68.4,3.2,60.3,8.5,33.5,29.5,6.4,12.8,23.9,55,12,13.8,28.8,33.5,79.9,15.9,35.8,82.2,14.8,30.4,39.7,3.8,73.3,23.9,"Syracuse, NY"
Bridgeport,CT,144229,69.6,22.1,15.9,5,71.9,3.1,63.6,6.1,26.7,26.1,5.7,10.4,18.6,61,11.3,16.9,30.2,34.6,82.9,14.4,31.7,,14.1,28.1,40.2,3.3,71.9,14.1,"Bridgeport, CT"
Hayward,CA,144186,64.9,17.2,18,4.8,71.7,2.6,66.3,4.7,31.5,31.1,4.7,8.8,14.6,61.9,9.7,14.3,25.6,30.5,78.2,11.8,22.7,81.2,11.1,21,36.7,2.4,69.1,11.6,"Hayward, CA"
Fort Collins,CO,143986,56.7,17,21.4,5,67.4,2,66.1,4.1,40.3,31.5,3.7,9.1,15.1,66.7,4.7,10,18.5,25.5,74.2,11.4,21.6,80.3,9.1,12.2,26.6,2,64.3,9.4,"Fort Collins, CO"
Escondido,CA,143911,62.9,18.8,19.6,5.4,69.6,2.9,65.8,6,26.9,29.7,5.5,8.9,15.8,61.6,9.7,17.1,26.9,33.9,79.9,14,23.4,85.1,13,22.4,34.5,3,67.8,13.7,"Escondido, CA"
Lakewood,CO,142980,62.8,24.4,19.5,6.8,75.2,2.6,64.1,5,34.3,37.9,5.5,9,16.2,67.7,7,11.7,24.9,33,76.2,10.7,24.2,82.5,10.8,15.2,27.1,2.7,70.8,9.7,"Lakewood, CO"
Naperville,IL,141853,68.6,20.9,21.3,5.9,81.6,2.1,68,4,37.5,32.2,4.2,8.1,12.3,75.2,6.9,6.4,25.5,33.1,79.1,8.6,27.2,85.2,8.7,16.9,30.1,1.8,74.7,7.4,"Naperville, IL"
Dayton,OH,141527,75.4,32,14.1,5.8,68.5,3.8,55.5,10.6,31,23.7,8,11.6,28,51.3,15.2,13.8,40.8,38.5,81.9,17.1,42.3,82.3,17,35.9,44.7,5,79.5,28.2,"Dayton, OH"
Hollywood,FL,140768,76.2,23,16.7,6.6,78.2,3.2,59.1,7.3,32.3,27.8,6.9,7.7,17.1,60.4,11.9,24.4,32.5,38.4,81.9,13,28,81,13.8,29.8,36.9,3.5,75.9,14.8,"Hollywood, FL"
Sunnyvale,CA,140081,64.6,14,15.1,5.2,78.6,2,73.4,3.2,39,37,3.7,7,9,74.9,7.3,7.8,21.1,28.6,80.3,8.2,17.3,82.2,7.6,16.6,31.1,1.7,67.3,6.2,"Sunnyvale, CA"
Alexandria,VA,139966,71.1,18.4,19.2,5.1,79.5,2.1,72.4,3.9,44.2,40.5,3.8,8.1,13.5,71,7.2,12,26.1,30.2,82.9,10,25.2,86.7,8.5,17.1,31.9,2,73.3,9,"Alexandria, VA"
Mesquite,TX,139824,69.4,21.8,17.2,5.2,69.8,2.9,57.4,6.4,31.1,27.5,5.8,9.6,19.3,57.2,10.9,24.4,31.6,36.8,73.3,13.4,34.3,80.1,12.8,28.8,34.6,3.1,73.5,16.7,"Mesquite, TX"
Hampton,VA,137436,78.2,26.5,16.7,5.8,77.2,3,67.8,6.5,34.3,32.7,6,9.8,19.4,66.3,12.2,14.6,37.6,34.6,83.7,12.9,35.3,85.6,12.3,24.4,43,3.6,79,17.1,"Hampton, VA"
Pasadena,CA,137122,67.2,17.6,17.1,5.6,78,2.6,67.7,4.5,31.3,36.7,4.6,7.9,11,67.7,8.9,11.2,26,31.7,80.7,10.5,22.9,86.2,10.3,17.2,34.5,2.5,69.9,8.1,"Pasadena, CA"
Orange,CA,136416,64.8,17,18,5.3,73.6,2.5,67.9,5,40.2,33,4.8,8.3,13.1,67.1,8.7,12.3,24.4,32.7,79.4,11.3,22.3,83,11.1,17.7,32,2.3,68.2,10.2,"Orange, CA"
Savannah,GA,136286,76.8,25.4,14.8,5.3,72.3,3.3,63.1,7.6,30.1,29.9,6,10,21.3,56.4,12.8,20.8,38.1,35.3,83.6,14.3,33.7,83.7,13.6,31.5,41.3,4.1,75.8,21.7,"Savannah, GA"
Cary,NC,135234,73.1,17.8,17.9,5.6,83.4,2.1,71.9,4,48,46.1,4.1,7.4,12.2,75.5,6.9,10.7,25.2,31.6,80.9,9.7,23.4,86.5,7.8,14.4,30.1,1.9,73.2,8.1,"Cary, NC"
Fullerton,CA,135161,65.6,16.7,16,5.3,73.2,2.5,66.5,4.7,40.2,33.1,4.8,8,12.3,66.3,9.1,12.2,24.9,33.2,79.3,10.9,21,81.5,10.8,18.4,32.5,2.3,69.4,9.3,"Fullerton, CA"
Warren,MI,134056,72.2,33.4,18.6,7.6,76.2,3.4,61.7,9.9,27.8,29.5,8,11.4,25.7,63.5,11.6,12.6,35.6,40.3,77.1,15.3,34,82.9,16,27.4,39.1,3.9,77.3,14.9,"Warren, MI"
Clarksville,TN,132929,70.3,23.6,16.6,4.6,72.7,2.4,62.4,6.9,36,31.4,5,10.5,22.9,59.9,9.3,15.5,31.3,32.4,78.5,15.1,36.5,83.1,13.3,26.2,41.7,2.6,73,17.3,"Clarksville, TN"
McKinney,TX,131117,68.9,19.2,19.8,5.1,75.6,2.1,65.4,4.4,37,35.8,4.2,8.4,15.2,65.7,7.7,15.9,25,33.7,77.3,11,29.4,82.1,9.5,21.2,33.5,2,70.5,11.3,"McKinney, TX"
McAllen,TX,129877,64.5,19,14.5,4.6,69.3,3.5,54.3,5.4,29.5,26,6.2,7.7,13.9,54.1,12.8,34.5,30.4,38.1,78.2,12,31.4,81.7,13.3,27.9,32.5,3.1,75.1,13.6,"McAllen, TX"
New Haven,CT,129779,71.7,20.7,15.7,4.7,70.1,2.8,68,6.3,26.7,26.4,4.8,11.2,18.6,66.3,10.3,13.9,30.7,31.9,84.7,14.3,32,,12.2,26.1,40.5,3.1,70.5,16.9,"New Haven, CT"
Sterling Heights,MI,129699,72,31.5,19.9,7.5,78.8,3,65,8.4,29.2,31.5,7.1,10.6,22.3,69.6,10.3,10,32.9,39.2,78.1,13.5,30.9,83,13.9,23.4,37.2,3.2,77.1,11.8,"Sterling Heights, MI"
West Valley City,UT,129480,59.7,19.4,14.4,4.5,60.9,2.7,62.4,5.1,29.1,28.9,4.6,9.6,14.1,61.4,8.7,21.1,24.3,34,75.9,14.3,29.2,76.6,12.3,21.5,33.4,2.7,65.7,16.7,"West Valley City, UT"
Columbia,SC,129272,64,21,19.2,4.3,67.6,2.6,67.6,5.8,38.9,32.9,4.7,9.4,18.3,57.1,10.1,17.7,29.4,31.1,83.6,15.8,31.5,85.4,12.3,25.5,37.6,3.1,72.3,17.1,"Columbia, SC"
Killeen,TX,127921,69.3,17.9,19.6,3.8,66.1,2.3,57.9,4.8,30.9,29.6,4,9.7,20.5,58.5,9.1,22.1,28.3,31,77,13.6,35.9,82.5,11.2,26.5,39.9,2.3,68.8,15.4,"Killeen, TX"
Topeka,KS,127473,68.3,26.8,14.1,6.7,71.2,3,64.3,7.2,33.9,36.3,6.7,10.1,19.9,62.6,11.3,17.3,35.2,40.4,81.3,12.6,36.6,82.6,12.2,26.1,32.5,3.5,77.4,16.1,"Topeka, KS"
Thousand Oaks,CA,126683,66.9,20.3,18.3,7.1,81.8,2.5,75.3,4.9,38.3,38.2,5.2,8.1,11,75.7,8.1,7.3,27.4,33.3,80.6,9.8,21.9,86,9.7,16,31.8,2.4,73,7.4,"Thousand Oaks, CA"
Cedar Rapids,IA,126326,70,24.6,20.5,6.6,72.7,2.5,67.3,5.4,44.8,39,5.8,8.1,16.6,73.1,8.4,7.3,29.3,35.2,78.3,11.1,32.2,85.8,9.9,22.2,28.1,2.7,75.3,13.1,"Cedar Rapids, IA"
Olathe,KS,125872,69.3,19.5,19.9,5.2,75.9,2,69.1,4.3,38.4,33.1,4.1,8.7,15.6,74,6.8,12.4,24.6,34.9,80.1,9.7,26.2,86.2,8,16.9,27.6,2,72.2,10.3,"Olathe, KS"
Elizabeth,NJ,124969,75.3,20.8,14.3,4.6,70.3,3.2,50.4,7,27.4,21.8,6.2,8.9,20.3,55.6,12,26.1,32.2,34.5,76.5,14.6,34.5,82.7,15.8,40.3,44,3.2,72.6,19.5,"Elizabeth, NJ"
Waco,TX,124805,67.8,22.7,16.4,5.2,63.9,3.1,58.8,6.7,29.7,25.4,6.1,10,20.1,54,11.6,26.3,31.3,36.5,75.5,15,36.8,80.3,13.7,30.8,34.8,3.5,74.9,18.1,"Waco, TX"
Hartford,CT,124775,74.2,23.4,14.6,4.4,68.6,3.4,59.3,7,24.9,24,6.1,12.5,20.6,60.6,14,18.8,34.8,35.8,84.5,15.7,35.7,,15.4,35.1,40.9,3.8,72.1,20.3,"Hartford, CT"
Visalia,CA,124442,64.3,20,18.3,5.5,71.7,3,64.3,6.3,36.5,28.4,5.8,9.2,16.1,60.9,10.4,15.1,27.9,34,77.8,13.1,33.4,85,13.1,23.1,32.8,3,68.8,14.5,"Visalia, CA"
Gainesville,FL,124354,72.5,15.8,19,4,62.4,2.3,60,5.7,35.8,34,4.4,8.6,16.5,56.8,7.4,21,21.6,27.7,80.9,15.2,24.6,79.5,11.4,26,37,2.4,68.5,15,"Gainesville, FL"
Simi Valley,CA,124237,64.7,18.6,19.6,6,78.6,2.3,72.7,4.9,35.9,36.7,4.7,8.4,13,72.6,8,8.8,25.8,31.9,80,10.9,23.1,85.1,10.1,17.4,33.8,2.2,69.9,8.6,"Simi Valley, CA"
Stamford,CT,122643,70,20.8,18.1,6.2,79.8,2.5,72.7,4.6,35.3,33.4,4.9,8.6,13,74.8,8.1,10,26,33.3,83.1,10.4,24.4,,10,19.2,34.6,2.4,72.8,7.8,"Stamford, CT"
Bellevue,WA,122363,62.8,19.9,16.6,6.4,77.1,2.4,70.8,3.7,45.2,39.7,4.5,7.9,8.7,76.7,7.3,7.1,24.7,33.5,78.4,8.3,19.8,,7.9,12.3,28.5,2.1,68.3,5.9,"Bellevue, WA"
Concord,CA,122067,63.3,19.6,16.5,5.9,75.1,2.6,70.2,5.2,36.1,35.2,5.1,8.6,14.1,70.7,9,11.6,26.2,33.5,78.4,11.7,27.3,83.3,11.2,19.6,33.3,2.5,69.1,10,"Concord, CA"
Miramar,FL,122041,77.2,16.8,17.8,4.4,77.7,2.5,60.3,4.7,29.4,27.4,4.2,7.8,14.9,63.5,10.3,23,28.6,31.9,84.6,11.9,29,83.3,10.9,26.1,39.9,2.5,72,12.6,"Miramar, FL"
Coral Springs,FL,121096,75.4,19,19.1,5.5,78.9,2.4,61.4,5.7,33.9,29.6,4.9,7.6,15.6,66.6,9.1,18.8,27.3,34.4,82.7,12.2,25.6,81.5,11.3,24.3,36.6,2.5,72.5,12.2,"Coral Springs, FL"
Lafayette,LA,120623,70.4,24.4,18.4,5.8,72,2.9,63.4,7,30,28.9,6.5,9.2,21.7,58.5,10.7,14.5,35.4,35.8,79.7,13.7,32.6,82.9,12.9,26.7,37.2,3.4,79,17.1,"Lafayette, LA"
Charleston,SC,120083,63.7,22.3,21.6,5.7,73.7,2.5,72.6,5.3,47,37.5,4.9,8.9,15.8,65.7,9,12.5,28.9,33.9,80,13,27.4,82.7,10.6,20.1,32.6,2.6,75.8,11.6,"Charleston, SC"
Carrollton,TX,119097,68.5,19.8,17.8,5.1,74,2.4,61.5,4.9,34.2,31.8,4.7,8.3,16.1,64.2,9.5,20,28,35.4,74.3,11.1,30.6,81,10.6,23.8,32,2.3,73.3,10.8,"Carrollton, TX"
Roseville,CA,118788,64.9,20.3,19.7,6.7,78.7,2.5,72.9,5.2,39.2,34.9,5.2,8.5,12.5,71,7.8,7.7,26.6,33.1,79.7,10.8,21.3,84.6,10,16.3,31.1,2.5,70.9,9.4,"Roseville, CA"
Thornton,CO,118772,58.5,19.3,20.2,4.7,72.1,2.2,63,4.4,36.9,31.3,3.9,9.2,19.8,64.1,6.3,14.8,22,29.7,72.7,11.6,26.2,84.1,10.5,18.3,31.5,2.1,63.8,13.4,"Thornton, CO"
Beaumont,TX,118296,72.5,25,15.3,5.7,71.4,3.3,60.1,6.6,30.8,26,6.5,9.9,19.9,53.9,13.7,22.2,36.5,37.7,78.2,13.2,39.1,82,13.5,30.3,37.7,4,78.5,17.8,"Beaumont, TX"
Allentown,PA,118032,68.6,28.7,17.1,5.7,68.1,3.4,55.6,7.8,33.9,28.3,7.3,10.7,21.6,54.3,12.8,18.7,33.9,36,77.5,15.6,36.7,80.6,15.7,31.6,39,3.8,74.8,24.1,"Allentown, PA"
Surprise,AZ,117517,68.9,27.2,16.2,7.7,79.6,3.1,70.1,6.2,39.1,36,6.6,9.6,15.6,69.1,9.6,11.8,31,38.1,78.9,11.2,26.7,,11.8,20.9,34.2,3,76.2,9.7,"Surprise, AZ"
Evansville,IN,117429,69.5,31.3,16.8,6.6,71.5,3.3,63,9,33.7,30.8,8,11.3,25.2,58.2,11.8,13.3,33.8,37.9,75.4,15.2,36.2,80.2,15.1,31.1,36.2,4,77.9,21,"Evansville, IN"
Abilene,TX,117063,66.5,23.6,17.9,5.8,68.1,2.9,58,6.5,33.1,31.4,6.2,9.3,20.8,53.1,10.7,22.6,30.3,36.8,76.1,13.3,34.2,80.5,13,27.9,33.2,3.2,75,15.7,"Abilene, TX"
Frisco,TX,116989,68.6,16.8,20.7,4.8,78.9,1.8,68,3.4,39,38.6,3.2,7.7,13,72.5,6.4,11.7,22.6,31.2,77.4,9.4,27.4,83.6,7.7,16.8,31.5,1.5,69.3,6.7,"Frisco, TX"
Independence,MO,116830,70.8,29,19.1,7.3,74,3.1,66,9.3,36.7,36.3,7.7,10.2,24.5,59.5,11.2,16,34.5,42.8,76.4,14.8,31.2,78.3,15.4,25.2,36.3,3.8,78.4,18.3,"Independence, MO"
Santa Clara,CA,116468,63.6,13.6,15.9,4.8,76.1,2,72.1,3.3,37.2,35.2,3.7,7.3,9.8,73.4,7.1,8.2,20.3,27.8,80,9,17.9,82,7.9,17.1,31.5,1.7,66,7.5,"Santa Clara, CA"
Springfield,IL,116250,69.5,27.2,19.2,7,75.6,3.1,63.9,7.3,34.5,29.8,6.7,9.9,20.3,60.8,10.4,10.6,33.2,37.8,77.5,12.4,35.6,84.3,13.2,25.4,34.2,3.4,77.1,15.3,"Springfield, IL"
Vallejo,CA,115942,66,20.2,14.9,5.5,74.3,3,67,5.8,31.5,31.9,5.7,9.3,14.9,64.4,12,11.8,31.5,35,79.6,12.2,25.2,81.3,12.3,23.9,38.8,3.2,72.8,13.5,"Vallejo, CA"
Victorville,CA,115903,64,19.6,17.1,4.6,69.8,3.2,58.2,6.6,24.5,25.7,5.7,10.2,18.2,53.5,11.3,17.8,30.5,34.6,81.5,15.1,30.7,83.4,14.6,25.3,40.7,3.3,66.7,19.5,"Victorville, CA"
Athens,GA,115452,71.4,17.8,16,4.1,64.4,2.6,59.7,6.3,32.9,29.9,4.5,9.6,20.3,59.2,8.7,20.4,28.4,31,81.9,15.3,27.5,80.9,11.4,28.2,37.3,2.7,68.9,18.7,"Athens, GA"
Peoria,IL,115007,69.5,26.6,18.6,6.4,72.8,3.1,61.7,7.1,34.7,29.4,6.6,10.1,20.1,59.3,10.8,12.1,32.5,35.6,78,13.1,35.3,83.4,13.7,26.1,33.7,3.5,76.4,16.6,"Peoria, IL"
Lansing,MI,114297,71.1,29.4,20.1,5.6,70.5,3.1,63.5,8.2,37.4,27,6.4,11.8,23.4,65.8,11.1,13.8,31.1,36.6,80.9,15.4,38.1,84.7,14.9,25.9,39.9,3.4,73.6,15.1,"Lansing, MI"
Ann Arbor,MI,113934,66.1,18.3,23,4.6,66.4,1.9,73.4,4.4,38.6,41.2,3.6,9.8,13.2,75.5,5.7,9,19.1,29.3,84.1,12.3,23.4,83.6,7.9,15.7,31.1,1.7,68.1,6.6,"Ann Arbor, MI"
El Monte,CA,113475,62.9,17.2,14,4,66.8,3.2,51.3,5.5,21,26.8,5.4,8.2,15.6,48.1,12.7,24.4,28,35.9,76.6,14.1,25.9,80.6,14.8,29.5,39.5,3,67.6,15.2,"El Monte, CA"
Denton,TX,113383,66.1,17.6,19.5,4.6,64.3,2.2,63.8,4.8,35.6,32.1,4.2,9.1,17.8,61.1,7.5,19.7,24.4,31.9,74.5,13,31.1,81.2,10.1,22.2,31,2.1,69.2,11.2,"Denton, TX"
Berkeley,CA,112580,64.7,15.1,19.6,4.9,70,2.1,75.4,3.7,38.2,36.6,3.7,8.8,11.2,70,6.5,7.7,20.9,27.1,81.5,10.9,18.5,83.2,8.2,14.2,32.2,1.9,68.2,6.7,"Berkeley, CA"
Provo,UT,112488,51.2,12.8,9.1,3.3,45.7,1.9,66.8,3.8,33.7,28.5,2.8,9.6,9.4,65.3,5.1,15.7,15.6,26.6,75.1,15.2,24.8,73,8.8,14.8,30.9,1.6,55.4,10.8,"Provo, UT"
Downey,CA,111772,65,16.6,17.6,4.8,73.6,2.7,62.3,4.6,27.7,33.1,4.7,7.9,12.1,62.3,9.6,17.5,25.4,32.2,79.2,11.7,25.5,85.6,11.8,21,35.6,2.4,67,10.2,"Downey, CA"
Midland,TX,111147,67.1,22.6,19.3,5.8,72.6,2.6,59.1,5.2,34.7,30.6,5.5,8.6,16.3,63.3,9.7,21.6,30.8,35.9,75.5,11.3,32.7,81.4,11.2,25.4,32.5,2.6,74.7,11.6,"Midland, TX"
Norman,OK,110925,67,21.6,14.7,5.2,67.3,2.3,63.2,5.8,37.7,35.5,5.2,9.9,16.6,65.8,8,13.7,29,34.1,77.1,14.9,30,82,11.6,24.2,33.6,2.4,71.6,12.9,"Norman, OK"
Waterbury,CT,110366,72.2,26.7,14.4,6.3,73.6,3.5,66.1,8.6,27.2,26.7,6.7,11.5,21.4,63.9,12.2,15.5,35.1,37.2,82.5,15.5,33.8,,15.3,30,40.3,3.9,73.6,17.9,"Waterbury, CT"
Costa Mesa,CA,109960,63.3,16.1,19,5,72.1,2.4,67.5,4.9,40.6,33,4.5,8.5,13.8,66.2,8,12.5,23,31.1,79.6,11.8,22.9,83.8,11.1,17.4,32.2,2.2,65.6,10.6,"Costa Mesa, CA"
Inglewood,CA,109673,69,19.4,15.2,4.6,72.2,3.3,61.4,5.8,22.3,29.9,5.1,9.9,15.4,54.4,12.8,18.9,32.9,32.9,82.5,14,32.9,87.2,14.3,24.5,41,3.6,70.5,14.3,"Inglewood, CA"
Manchester,NH,109565,71.5,25.8,17.9,6.3,75,2.6,67.6,7.1,37.4,32.5,5.8,10.9,20.8,64,9,13.2,28.5,34.6,79.2,13.4,29.5,,12.8,24.6,36,2.8,73.7,18.7,"Manchester, NH"
Murfreesboro,TN,108755,67.4,21.3,17.2,4.8,72.7,2.3,63.7,6.5,33.9,32.4,4.8,10.1,21.6,60.1,8.1,14,28.4,32.7,77.7,14.1,29.7,84.6,11.7,23.9,37.8,2.4,72,15.2,"Murfreesboro, TN"
Columbia,MO,108500,67.3,20.6,20.2,4.6,63.4,2.1,64.1,5.5,44.1,38.4,4.2,9.8,18.2,65.7,6.9,13.5,23.4,30.9,78.2,14.2,28.1,80.2,10.6,21.4,31.7,2.1,70.5,12.9,"Columbia, MO"
Elgin,IL,108188,66.2,21.1,20.2,5.1,71.7,2.7,57.3,5.7,29.8,31.8,5.2,9.1,18,63.3,9.6,17.8,27.4,35.1,77.6,12.1,33.1,84.1,12.3,25.6,34.4,2.6,71.8,14.3,"Elgin, IL"
Clearwater,FL,107685,76.6,27,18.2,7.8,78.8,3.3,64.9,8.5,34.8,34.3,8.2,7.8,20,59.9,11,20.1,33.1,36.4,77.2,13,28.6,78.4,14,28.9,38.2,3.9,78.8,16,"Clearwater, FL"
Miami Gardens,FL,107167,80.4,20.7,14.1,5,73.2,3.7,52.4,7.5,20.1,20.2,6.4,9.4,20.4,52.5,14.4,29.2,37.6,35.8,85.5,14.4,33.6,82.7,14.7,40.7,41.2,4.6,79.7,21.6,"Miami Gardens, FL"
Rochester,MN,106769,65,22.2,20.5,6.5,74.2,2.4,71.6,4.3,44.2,39.6,5,7.9,15.6,73.7,7.6,7.7,23,31,81.8,9.7,26.7,84.5,9,16.9,31.4,2.5,75.9,10.3,"Rochester, MN"
Pueblo,CO,106595,62.4,28.3,14.3,6.6,70.9,3.6,52.4,6.9,24.3,30.9,7.2,9.7,19.1,57.5,11,19.9,31.6,37.6,72.9,13.5,30,81.3,16.1,24.2,34.2,3.8,73.3,17.7,"Pueblo, CO"
Lowell,MA,106519,72.6,22.3,16.4,5.1,71.1,2.7,61.5,6.6,28.2,26.1,5.6,10.9,20.1,57.1,9.7,11.7,28.3,34.8,81.9,15,26.2,79.5,12.9,26.7,36.7,2.9,75.2,23,"Lowell, MA"
Wilmington,NC,106476,73.2,22.7,16.6,6.2,74.4,2.9,70.2,6.4,39.9,36.8,6.1,8.9,19.2,63.2,9.7,16,29.1,33.3,79.9,13.5,28.8,84.9,11.8,22.6,31.6,3.2,76.9,14,"Wilmington, NC"
San Buenaventura (Ventura),CA,106433,65.2,20.3,18.7,6.6,77.9,2.7,72.1,5.5,35.9,35.4,5.4,8.5,13.1,70.7,8.7,10.3,27.8,33.2,80.2,11.3,24.5,85.9,11,18.6,33.3,2.6,71.4,9.3,"San Buenaventura (Ventura), CA"
Arvada,CO,106433,63.5,25,20,7.1,77.9,2.5,66,5,35.5,39.5,5.3,9,16.1,70.5,6.7,9.6,25,33.1,76.1,10.3,23.7,82.7,10.4,14.1,26.8,2.5,71,8.8,"Arvada, CO"
Westminster,CO,106114,60.6,20.7,20.7,5.5,74.6,2.2,65.2,4.3,37.9,34.9,4.2,8.9,17.2,68.7,6.1,11.3,22.5,30.6,74.5,10.6,24,83.5,9.7,15.4,29.1,2.1,66.9,11,"Westminster, CO"
West Covina,CA,106098,66.9,16.7,15.7,5,76.2,2.6,63,4.2,28,34.5,4.6,7.3,11,64.7,10.1,14.1,26.3,33.4,78.8,10.4,21.9,83,10.7,20.3,36.1,2.4,70.2,8.7,"West Covina, CA"
Gresham,OR,105594,60,22.4,19,6.1,68.2,2.9,64.1,6.7,33.4,26.4,6,10.3,20.4,64.6,9.1,13.9,27.1,36.1,73,14.2,25.2,80.5,12.7,18.1,32.4,3.1,71,17.1,"Gresham, OR"
Norwalk,CA,105549,64.6,16.7,16.8,4.5,72.1,2.8,59.2,4.8,25,31,4.8,7.9,13,58.7,10.6,18.9,26,33,78.5,12.3,25.8,84.2,12.5,23.1,36.9,2.6,67.3,11.1,"Norwalk, CA"
Fargo,ND,105549,61,18.3,24.9,5.3,67.2,2.2,65.3,4.3,41.5,36,4.6,8.8,16.6,72.4,6.6,9.5,24.1,32.5,79.1,9.9,32,81.9,8,17.7,27.3,2.2,74.7,11.1,"Fargo, ND"
Carlsbad,CA,105328,67.2,19.2,21.3,6.9,81.8,2.4,75,4.4,33.6,37,4.9,7.8,10.5,78.3,7.4,6.1,26,32.8,81.9,9.8,18.5,87.5,8.9,13.4,30.1,2.3,71.4,6.2,"Carlsbad, CA"
Fairfield,CA,105321,63.9,18.7,17.6,5.3,73.1,2.7,68.5,5.6,34.1,34.1,5.1,9.4,15.3,66.2,10,12.3,28,32.5,79.3,12.5,25.3,82.7,11.8,22,37.6,2.8,69.5,12.9,"Fairfield, CA"
Cambridge,MA,105162,72.3,15.3,20.6,4.3,73,1.7,73.3,3.4,34.6,32.3,3.2,9.7,12,72.2,5.4,6.1,20.4,26.7,85.4,10.9,20.5,83.9,7.2,15.1,31.9,1.6,70.8,11,"Cambridge, MA"
Wichita Falls,TX,104553,70.3,23.2,18.2,5.6,69.7,2.9,60.6,6.7,30.4,31.5,6.3,9.1,21.2,59.4,11.7,20.6,32,37.9,77,13.4,30.5,80.7,12.8,28.7,38.2,3.2,75.5,14.6,"Wichita Falls, TX"
High Point,NC,104371,73.7,25.3,15.3,6,76.4,3.3,66.4,7.3,39,35.9,6.6,9.2,21.8,55.6,11.9,19.2,35.5,37.3,80.6,14.1,36.3,85,13.2,25.8,36,3.9,76.3,19.4,"High Point, NC"
Billings,MT,104170,66.1,26.4,20.4,7.3,71.9,2.7,62.7,6.2,43.4,36.5,6.3,9.1,18.7,66.4,8.8,12.1,28.8,32.6,76.1,11.6,29.5,82.9,11.7,21.3,30.4,3,74.1,14,"Billings, MT"
Green Bay,WI,104057,69.3,24.1,25.5,6,72,2.8,65.3,6.6,29.2,26.5,6.3,9.5,20.6,67.4,9.6,13.6,29.9,34.8,78.5,13.3,34,83.7,12.7,23.5,35.9,3.1,72.2,16.3,"Green Bay, WI"
West Jordan,UT,103712,59.8,16.7,17.1,4.4,65.7,2,67.8,3.8,34,34.1,3.3,9,12,71.4,6.1,13.8,20,29.9,77.5,12.4,25.9,78.9,9.4,15.5,31.4,1.8,62.4,10.1,"West Jordan, UT"
Richmond,CA,103701,64.9,19.6,14.2,5,71.7,3,66.6,5.5,29.8,29.8,5.3,9.5,15.5,63.1,11.6,15.7,30,33.9,80,12.9,31.6,83.1,12.8,24.3,37.2,3.2,70.7,14.6,"Richmond, CA"
Murrieta,CA,103466,65.7,18.9,20,5.6,76,2.4,70.5,4.8,34.7,35.6,4.8,8.4,13.8,69.6,8,9.8,26.4,31.5,80.8,11.3,25.6,84.7,10.5,18.7,37.3,2.3,67.9,10,"Murrieta, CA"
Burbank,CA,103340,66.6,18.6,18.4,6,79.2,2.5,67.7,5,32.2,37.4,4.8,8.1,12.3,69.1,8.3,9.5,25.4,32.1,79.3,11.1,22.5,85.6,10.7,16.6,34.1,2.5,69.2,8.5,"Burbank, CA"
Palm Bay,FL,103190,77.1,27.5,16.8,7,78,3.3,59.7,8.9,32,27.9,7.7,8.6,21.7,55.1,13.1,20.8,33.5,39.4,76.9,14.3,29.7,79,15.3,31.3,37.4,3.9,78.9,16.8,"Palm Bay, FL"
Everett,WA,103019,58.2,23.8,17.1,5.6,68.1,2.8,60.3,6.6,33.8,29.8,5.6,10.1,18.3,60.2,8.6,12.4,28.6,35.9,72.4,12.9,31.4,,12.2,19.8,37.6,2.9,67.7,14.1,"Everett, WA"
Flint,MI,102434,75.1,34.5,15.2,5.8,69.3,4.4,57.4,11.7,22.9,20,8.9,13.7,29.7,50.8,16.6,17.7,41,40.5,83.4,18.4,45,84.1,19.9,35.3,48.7,5.7,76.2,25.4,"Flint, MI"
Antioch,CA,102372,63.8,19.3,16.1,5.2,73.3,2.7,67.3,5.6,32.3,31.8,5,9.3,15.7,67.5,9.8,12.5,27.5,33.1,78.6,12.8,30,83.1,12.1,21.6,35.9,2.7,68.7,12.7,"Antioch, CA"
Erie,PA,101786,70.1,29.2,17.5,6.3,69.4,3.2,62.6,8.4,39.6,31.1,7.5,11.2,23.6,59,11.3,12.1,31.4,35.1,78.3,15.9,38,79.7,14.9,28.3,42,4,76.4,21,"Erie, PA"
South Bend,IN,101168,67.8,28.4,17,6.1,69.7,3.5,58.2,8.8,32.7,26.2,7.6,11.5,25,55.1,13.2,16.6,36.2,37.9,76.5,15.1,38.6,79.1,15.7,32.4,40.4,4.2,76.5,23.4,"South Bend, IN"
Daly City,CA,101123,65.4,15.9,13.2,4.9,75.4,2.4,64.9,3.6,32.8,33.7,4.4,7,10.8,69.6,10,10.4,27.2,32.2,79,9.1,18.5,76.2,8.8,20,34.7,2.1,72.9,8.3,"Daly City, CA"
Centennial,CO,100377,61.3,22.5,18.9,6.6,81.7,2.2,68.1,4.1,42.7,40.7,4.4,8,12.7,77.7,5.8,7,25.7,31.9,74.7,8.9,19.9,83.2,8.1,12.4,26.7,2.1,71.4,6.8,"Centennial, CO"
Temecula,CA,100097,65.1,17.6,21,5.2,76.3,2.2,70.9,4.4,35.3,36.6,4.2,8.3,13.5,71.3,7.4,9.2,24.8,30.5,81.2,11.1,25,84.8,9.9,17.5,37.1,2,66,8.9,"Temecula, CA"
Odessa,TX,99940,67.5,21.7,18.2,5.4,69.5,2.9,55.8,5.8,30.9,26.9,5.9,8.8,17.8,53.4,11.2,26.9,30.7,35.6,74.5,12.4,34.6,79.5,12.5,31.6,32.8,2.9,74.7,15.1,"Odessa, TX"
West Palm Beach,FL,99919,78.2,24.3,17,6.7,77,3.3,63,7.4,31.9,31.5,7.1,8,17.1,65.4,12.3,23.7,31.9,37.7,81,12.9,26.6,84.8,14.1,31.4,40.6,3.8,78,12.9,"West Palm Beach, FL"
Round Rock,TX,99887,67.3,17.2,21.8,4.6,73.7,2.1,64.4,4.2,34.3,33.5,3.8,8.5,16.1,66.3,7.8,18.1,26.2,31.8,77.1,11,33.2,84.6,9.7,21.5,34.3,1.9,68.4,9.7,"Round Rock, TX"
Pompano Beach,FL,99845,77.4,25.9,15.6,7.4,76.9,3.6,59.2,8.7,32.5,27.4,8.2,8.3,19.5,56.5,13.1,25.4,36.7,40.3,81.6,14.1,29.4,80.6,15.3,32.1,38.1,4.5,77.5,17.5,"Pompano Beach, FL"
Davenport,IA,99685,70.7,24.7,21.5,6.4,71.4,2.7,63.9,6,41,33.7,6.2,8.6,19.7,67.9,10,8.9,29.2,36.7,79.8,11.9,32.6,83.5,11,24.2,30.3,3.1,77.1,14.8,"Davenport, IA"
Santa Maria,CA,99553,60.7,18.1,16.8,4.7,64,3.2,58.4,6.4,26.8,25.8,5.9,9.5,17,53.4,11.1,25,27.9,34.5,75.5,15.1,29.2,81.7,15.3,28.1,31.6,3.2,65.1,18.9,"Santa Maria, CA"
El Cajon,CA,99478,63.6,20.8,19.7,5.7,70.4,3.1,64.9,7.1,26.8,29.3,6,9.6,18.2,60.6,10,14,28.4,34.4,79.7,15.3,24.5,85.1,13.9,22.4,35.3,3.4,68.8,14.7,"El Cajon, CA"
Richardson,TX,99223,70.7,20.4,17.6,6.1,76.1,2.4,66.1,4.5,38.2,34.5,5.1,7.9,12.9,69.2,8.7,14.8,28.3,36.3,75.4,9.7,26.1,80.2,9.1,20.7,30.7,2.3,75.4,8.8,"Richardson, TX"
Kenosha,WI,99218,69.5,23.4,24.4,5.9,72.3,2.8,67.9,6.3,29.9,29.7,6.1,9.6,20.7,64.7,9.2,13.9,28.8,34.6,79.7,13.2,32.3,85.1,12.3,22.6,34.8,3,72.7,15.3,"Kenosha, WI"
Rialto,CA,99171,63.8,18,17.1,4.1,68.6,3,58,5.7,23.3,25.2,5.1,10,16.3,54.1,11.2,20.8,29.2,34,82.1,14.5,30.5,83.5,14.1,25.7,40.2,3,65.9,18.9,"Rialto, CA"
Broken Arrow,OK,98850,69.5,23.9,14.9,6.3,75.5,2.5,63.5,5.9,45.3,36,5.5,9.4,17,67.2,8.6,12.2,31.5,35.5,76.1,12.4,27.5,82.4,11.7,24,31.9,2.6,75.3,13.6,"Broken Arrow, OK"
Dearborn,MI,98153,69,30.8,21,7.2,73.9,3.4,63.7,10.5,32,30.1,7.8,11.6,25.3,64.7,9.8,13.1,32.6,38.6,78.8,16.5,33.2,83.1,15.8,25.8,39.4,3.9,74.2,15.8,"Dearborn, MI"
Albany,NY,97856,74.3,22.9,18.5,5.3,70.5,2.6,68.4,6.3,36.8,32,5.4,11.9,19.5,63.7,9.4,11,28.9,32.1,80.8,13.4,31,84.6,11.6,24.6,37.7,3,72.8,14.5,"Albany, NY"
Las Cruces,NM,97618,61.1,23.9,17,5.7,68.1,3.2,60.1,5.8,29.4,29.7,6.2,10.3,15.4,65.3,10.9,13.9,28.1,33,75.8,12.5,28.8,84.4,13.4,19.9,31.5,3.1,74.4,15.9,"Las Cruces, NM"
North Charleston,SC,97471,64.2,24.5,18.4,4.9,69.6,3.1,63.3,7.2,38.4,30.8,5.7,10.2,22.2,51.7,12.3,21.3,34.2,35.6,79.4,16.4,35.2,82.1,14.7,28.9,39.1,3.7,74.8,20.5,"North Charleston, SC"
Lakeland,FL,97422,77.4,30.2,13.6,7.9,77,3.7,67.5,9.2,35.1,31.9,8.8,8.6,18.5,56.1,13.2,22,36.3,40.3,82.4,13.4,35.6,83.2,15.6,32,35,4.6,81,18.7,"Lakeland, FL"
Boulder,CO,97385,54.2,15.5,22.7,4.6,64.7,1.9,65.7,3.5,41.5,37,3.3,8.4,12.6,69.9,4.2,9.1,17.5,25.5,71.8,10.8,14.9,82.1,8,10.1,24.2,1.7,63.5,7.9,"Boulder, CO"
San Mateo,CA,97207,65.1,18.3,16.6,6.2,78.5,2.5,70.1,4.4,37.6,36,4.8,7.9,11.4,73.2,8.5,9.8,26.6,30.5,80.7,9.8,22.8,82.9,9.4,17.1,31.5,2.3,71.1,8.1,"San Mateo, CA"
Roanoke,VA,97032,75.3,28.9,14.7,6.7,77,3.3,67.1,8.1,39.3,34.2,7.2,9.9,21.6,60.5,12.2,16.1,36,36.8,82.7,13.9,33.7,85.3,14.1,27.3,39.4,4,79.9,18.1,"Roanoke, VA"
Livonia,MI,96942,72.9,30.6,22.4,8.6,83,2.8,71.5,7.4,37.7,36.1,6.9,9.7,17.1,78.3,8.4,7.6,32.3,38.6,79.7,11.3,28,84.3,11.5,18.8,35.6,2.9,77.7,8.7,"Livonia, MI"
Tyler,TX,96900,69.2,24.4,16.5,6.3,70.5,3.2,60.2,6.5,32.5,29.8,6.7,9.6,18.4,51.8,12.1,22.2,33.4,37,76.9,12.9,37.6,78.9,13,27.8,35,3.6,77.8,16.2,"Tyler, TX"
Lawton,OK,96867,67.8,23.2,14,5,65.6,2.8,56,7.1,40.2,28.1,5.8,10.2,22.5,56.8,10.1,18.7,32.6,33.9,76.7,15.4,30.8,81.7,13.4,30.4,34.8,3.1,71.5,19.4,"Lawton, OK"
Compton,CA,96455,65.9,18.6,15.4,4,66.7,3.4,55.8,6.2,19.4,26,5.3,10.2,17.4,47.7,13,24.3,31.2,32.9,81.2,15.7,33.8,86.1,15.8,28.2,41.5,3.8,68.1,19.8,"Compton, CA"
Clovis,CA,95631,63.1,19.5,17.7,5.8,75.3,2.6,67.2,5.6,37.4,32.6,5.1,9.1,14.2,68.7,8.9,10.3,27,32.7,78.8,11.9,29.1,81,11.2,18.6,33.5,2.6,69.9,12,"Clovis, CA"
Portsmouth,VA,95535,77.5,27.5,14.7,6.1,77.1,3.2,68.3,7.2,36.9,33.7,6.5,10.2,22.3,60.5,12.8,15.9,38.1,35.7,83.7,13.5,36.6,86.3,13.3,28,44.8,4,79,19,"Portsmouth, VA"
Lewisville,TX,95290,66.3,17.8,20,4.5,70.4,2.2,61.3,4.6,33.5,30.9,4,8.5,17.8,62.8,8,20.3,25,31.6,74.2,11.8,32.1,82.5,10.1,22.4,32.1,2.1,69.7,12.4,"Lewisville, TX"
New Bedford,MA,95072,78.1,31,15.9,7,74.1,3.5,66,10.4,30.8,22.7,8.1,13,26.6,57.6,11.8,12.9,34.5,39.4,82.5,18.3,31.6,82.9,16.9,31.3,40.3,4.2,78.3,26.7,"New Bedford, MA"
South Gate,CA,94396,61.4,16.2,16.5,3.7,65.7,3.2,52.9,5.3,20.9,25.9,5,8.7,15,49.6,11.6,27.8,25.6,33.4,78.9,14.8,30.5,85.2,15.3,28.1,37.8,2.7,63,14.3,"South Gate, CA"
College Station,TX,93857,64.1,10.7,20.5,2.8,55.5,1.6,66.6,3.5,34.3,34.9,2.6,9.2,15.5,65.5,4.5,18.4,16.1,24.2,80.7,14.2,24.5,79.8,8,18.2,33.4,1.3,59.9,9.7,"College Station, TX"
Sandy Springs,GA,93853,73.4,17.6,17.5,5.8,79.6,2.2,68.6,4.5,38.7,39.9,4.3,7.7,13.2,71.9,7.2,14.2,27.9,31.3,82.2,9.9,22,84.7,8.7,19.8,33.4,2.1,72,8.7,"Sandy Springs, GA"
Vista,CA,93834,62.3,17.5,21,5,68.6,2.7,65.5,5.5,27.2,30.1,5,8.7,15.5,63.1,8.8,16.1,25.5,32.4,80.1,13.8,23.1,85.4,12.1,20.9,34.5,2.6,66.2,12.5,"Vista, CA"
Brockton,MA,93810,77.9,28.3,17.2,6,74.7,3.1,67.1,8.4,25.6,26.4,6.9,12.9,24.8,57.6,12.6,11.2,36,35.5,84,16.6,32,84.9,15.5,29.8,44.3,3.7,77.8,21.7,"Brockton, MA"
Mission Viejo,CA,93305,68.5,19.3,18,6.9,81.6,2.4,73.5,4.8,45,37.4,5.1,8,10.6,76.1,8.2,6.8,26.2,34.1,80.2,9.4,20.3,84.3,9.8,13.9,29.6,2.3,72.1,6.8,"Mission Viejo, CA"
San Angelo,TX,93200,67,22.6,18.1,6,69.6,2.9,59.5,6.1,35,31.1,6.3,8.8,17.4,58.9,11.1,23.4,29.9,37.5,74.6,12.2,30.9,80,12.5,27,34,3,76.7,14,"San Angelo, TX"
Yuma,AZ,93064,64.7,22.5,15.7,5.6,69,3.3,53.1,7.1,31.4,26.3,6.9,9.9,17.6,55.8,11.5,21.6,30.6,36.9,78.5,13.9,35.2,,15.3,27.4,31.3,3.3,70.8,17.7,"Yuma, AZ"
Greeley,CO,92889,56.7,20,18.7,5.3,66.6,2.6,58.4,5.2,35.8,31.2,5.1,9.3,18.2,56.7,7.4,17.4,24.4,34.3,70.7,12.9,26.2,79,11.6,19,29.1,2.7,68,14,"Greeley, CO"
Vacaville,CA,92428,63.3,19,20.1,5.7,75.3,2.5,70.8,5.5,35.9,36.7,5.2,9.2,15.5,70,9,10.3,27.4,32.3,79.3,12,25.3,83.9,11.2,19.3,36.2,2.6,68.6,10.8,"Vacaville, CA"
Kent,WA,92411,59.8,21.6,16.8,5.3,68,2.9,61.7,5.9,37.6,32.6,5.2,10,16.1,62.1,9.2,14,27.2,34.6,76.4,13.1,27.4,,12.2,19.1,33.6,2.8,64.7,12.8,"Kent, WA"
Quincy,MA,92271,77.2,23.6,17.4,6.1,77.9,2.5,66.1,5.6,29.4,29.3,5.6,9.8,15.9,70.3,8.6,7.1,29.4,33.8,81.5,11.8,24.1,80.7,10.4,20.4,34.2,2.6,77.5,14.3,"Quincy, MA"
Davie,FL,91992,74.7,19.4,19,5.8,78,2.5,61.5,5.8,34.4,30.3,5.3,7.3,15.3,66.2,9.2,20,27,35.2,82.3,12.1,24.7,80.9,11.4,24.8,35.3,2.6,73,12,"Davie, FL"
Carson,CA,91714,69.6,18.3,14.6,5.1,76.9,2.9,64.1,4.7,26,34.1,5,8.1,11.9,62.7,11.8,13.9,30.4,34.3,79.4,10.9,24.1,82.8,11.3,21.3,38.4,2.8,73,9.5,"Carson, CA"
Hillsboro,OR,91611,60.5,19.4,20.3,5.1,69.9,2.2,65.1,4.8,33,31.9,4.3,9.7,16,67.2,6.8,12.6,22.6,31.6,75.4,12.3,29.2,81.9,10.2,15.1,32.1,2.2,66.1,12.2,"Hillsboro, OR"
Lee's Summit,MO,91364,71.4,23.7,21.8,6.7,79.1,2.3,71.8,5.9,41.5,41.3,5.2,9.1,17.9,71.6,8.1,10.1,28.9,37.7,78.7,11.5,27.5,81.7,10.8,17.4,33.9,2.4,76.3,10.8,"Lee's Summit, MO"
Macon,GA,91351,79.4,29,11.8,5.8,72.7,4.3,57.9,10,27.7,26.8,7.9,11.2,25.7,49.7,17.3,24.9,44.8,39.2,82.2,16.4,43.1,83.9,17.5,39,43.6,5.8,79.3,29.1,"Macon, GA"
Pearland,TX,91252,68.8,18.2,19.2,5,77.3,2.1,65.2,3.9,34.5,33.9,4,8,14,68.9,8.2,15.1,27,33.1,77.9,9.8,28.4,81.9,8.9,19.6,32.3,1.9,73.3,8.6,"Pearland, TX"
Yakima,WA,91067,58.6,25.5,15.4,6.3,64.8,3.6,58.9,7.8,31.3,28.6,7.1,10.6,18.8,57.4,11,20.7,30,37.9,73.9,14.9,33.9,,15.5,24.7,33.3,3.8,70.4,17.6,"Yakima, WA"
Renton,WA,90927,61,20.2,17,5.5,71.5,2.6,65.3,4.7,39.9,35.1,4.7,9.1,13.1,68.2,8.4,11,26,33.5,77.3,11,24.4,,10.1,16.2,32.2,2.4,65.7,9.7,"Renton, WA"
Tuscaloosa,AL,90468,71.6,24.1,17.2,4.6,65.5,2.6,61.4,6.8,36,31.7,5.2,9.8,20.7,59.6,10.3,16.4,32.6,35,82.7,16.1,31.8,85,13.1,27,39,3.1,73.6,18.9,"Tuscaloosa, AL"
Lynn,MA,90329,76.6,24.5,16.6,5.6,73.3,3,62.6,7.2,26.1,22.4,6.6,11.5,20.7,63.1,11.7,13.6,29.5,35.5,78.2,15.2,28.3,83,14.2,26.9,39.7,3.3,74.8,20.9,"Lynn, MA"
Sparks,NV,90264,63.9,23.4,19.5,5.9,72.9,2.7,63,6.4,33.5,26.2,6.1,8.9,18.6,63.1,9.2,16.3,27.7,38,70.8,14.6,26,81.3,13.9,22.5,33.9,2.9,69.2,18.1,"Sparks, NV"
Hesperia,CA,90173,63.5,21.3,17.2,5.1,71,3.3,58.5,7.3,25.5,26.4,6.3,10.2,18.5,54.4,11.3,17.5,30.5,36.2,80.7,15.4,29.9,82.9,15.3,25.5,39.3,3.4,67.9,19.5,"Hesperia, CA"
Redding,CA,89861,65.1,24.3,17.7,7.4,74.9,3.2,66.8,7.5,35.4,29.6,7,9.6,17,59.9,9.9,8.8,30.6,35.6,76.5,13.4,25.4,82.8,13.3,20.7,31.6,3.5,73.1,14,"Redding, CA"
Beaverton,OR,89803,62.3,21.2,19,5.8,72.1,2.4,66.1,4.9,33.5,31.2,4.7,9.6,14.7,68.8,7.3,10.8,24.5,33.5,75.9,11.7,28.5,82,10.1,14.7,31.3,2.4,69.5,11.6,"Beaverton, OR"
Spokane Valley,WA,89755,63.6,25.5,18.1,7.2,73,3,66.8,7.4,37.3,34.9,6.5,10.7,18.6,63.9,9.6,9.6,30.2,37.9,79.4,13,30.1,,13.1,19,31.8,3.2,71.9,15.8,"Spokane Valley, WA"
Santa Monica,CA,89736,67.5,17.8,19.2,6.4,82,2.3,72.1,4.1,35.4,40.4,4.3,7.7,9.7,75.3,7.1,6.3,24.3,30.8,81,9.4,20.6,87.7,8.7,12.8,31.7,2.2,69.8,5.7,"Santa Monica, CA"
Westminster,CA,89701,66.5,19.1,12.4,5.3,73.1,3,60.7,5.7,34.1,29.1,6.1,7.9,14.3,58.4,12.7,13.7,29.6,38,76.6,11.5,19.6,75.9,12.8,24.4,35.9,3,73.6,13.2,"Westminster, CA"
Federal Way,WA,89306,61.1,22.5,16.7,5.8,70.4,2.9,63.4,5.8,38.4,33.3,5.4,9.8,14.7,65,9.5,12.5,28.1,35.4,76.7,12.4,26.7,,11.7,18.2,32.8,2.9,66.9,11.6,"Federal Way, WA"
Waukegan,IL,89078,66,20.6,16.3,4.5,66.6,3.1,50.3,6.4,26.4,25.4,5.9,10,21.1,50.9,11.5,23.3,31.5,36.1,77.5,13.8,35.4,82.7,14.7,33.6,38.1,3.2,71.6,20.8,"Waukegan, IL"
Fall River,MA,88857,78,31.3,16.4,7.1,74.8,3.4,66.6,10.6,31.4,22.9,8.1,13,27.2,58.6,11.2,11.2,34.3,39.6,82.5,18.2,30.6,82.5,16.5,30.6,39.7,4.1,78.6,27,"Fall River, MA"
Santa Barbara,CA,88410,64.8,18.4,18.9,6.2,75,2.6,70.1,5,34.5,32.7,5.2,8.4,12,70.9,8.4,11.6,26.6,32.7,78.6,10.9,23.8,84.2,10.7,17.6,27.2,2.5,69,9.4,"Santa Barbara, CA"
Roswell,GA,88346,73.4,19,17.5,6.2,81.6,2.3,68.6,4.8,38.7,41.4,4.6,7.5,13.3,73,7.7,14.6,28.9,33.4,81.8,9.9,22.1,84.4,9.3,20.3,32.7,2.2,73.5,8.3,"Roswell, GA"
Orem,UT,88328,54.9,17.9,9.2,5,59.4,2.3,67.6,4.3,32.9,28.1,4.1,8.8,8.6,71.5,7.1,13.7,20.6,31.3,74.9,12.2,25.6,75.9,9.4,14.4,30.4,2.2,65.8,11.7,"Orem, UT"
Reading,PA,88082,66.9,28.2,15.6,4.9,62.5,3.9,51.1,9,27.6,24.3,7.7,11.7,24.2,46.2,14.8,25.1,33.8,37.2,75.9,18.3,41.2,79.5,18.7,38.6,45.3,4.4,74.4,31.6,"Reading, PA"
Miami Beach,FL,87779,74.7,16.9,18.3,5.7,77.5,3,56.6,5.2,27.8,24.3,5.8,6.4,13.4,66.8,9.8,24.1,27,34.9,83.4,10.4,23.8,83.3,10.9,30.5,31.2,2.7,76.5,10.8,"Miami Beach, FL"
Lawrence,KS,87643,61.7,15.9,20.7,4.3,62.2,2,64.9,4.4,33.4,36.6,3.8,9.5,16.6,67.2,5.9,13.7,20.4,28.4,80.3,12.1,26,81.6,8.7,17.8,29.2,1.9,68.1,10.5,"Lawrence, KS"
Rio Rancho,NM,87521,57.2,24.3,16.8,5.8,74.2,2.6,58.3,5.3,34.9,25,5.1,9.7,16,67,8.8,9.4,25.7,31.4,71.6,11.8,25.4,83.4,12.1,16.1,31.6,2.6,72.1,12.6,"Rio Rancho, NM"
Sandy,UT,87461,63.6,20,16,5.9,72.6,2.2,72.4,3.9,36.7,36,4.1,8.7,9.7,76.6,6.9,9.8,23.4,33.3,78.6,10.7,24.2,79.7,9.1,13.8,29.1,2.1,69.3,8.4,"Sandy, UT"
Nashua,NH,86494,72.7,25.7,17.6,6.5,78,2.6,69.9,6.5,39.3,34.3,5.7,10.4,18.2,67.9,8.9,11.8,28.3,34.7,79.8,12.1,28.2,,11.9,22.8,35.1,2.6,74.8,16.1,"Nashua, NH"
Longmont,CO,86270,57.4,21.9,20,6.1,73.7,2.5,61.8,5.1,38.6,35.4,5,8.5,15,67.3,6.6,12.4,24.2,30.8,69.6,10.8,18.2,82.3,11,13.6,26,2.5,69.3,10.9,"Longmont, CO"
Duluth,MN,86265,68.3,24.2,22.7,6.3,67.2,2.7,68.2,5.4,44.8,31.6,5.7,8.6,19.7,68,8,8.4,24.9,32.3,78.3,11.6,29.7,84.2,11.3,19.7,32.3,3,76,12.9,"Duluth, MN"
Fort Smith,AR,86209,70.5,28.9,13.7,6.5,70.4,3.4,59.8,9.2,27.4,26.8,8.1,10.2,25.4,54.7,12.7,15.8,37.9,39.8,76.7,16.9,35,,17.4,35.1,35.1,4,77.2,23.5,"Fort Smith, AR"
Chico,CA,86187,62.6,17.8,19.9,5.3,66.6,2.4,70.4,5.6,36.5,29.7,4.8,9.7,15.6,64.8,7.1,9.8,24,31,78.4,13.9,23.7,84.4,11,17.8,32.7,2.4,64.7,12,"Chico, CA"
Norwalk,CT,85603,70.1,21.7,18.2,6.2,80.4,2.5,72.2,4.9,34.7,33.8,5.1,8.9,14,74.3,8.4,10.1,26.5,33.8,82.8,10.9,25.5,,10.6,19.8,35,2.5,72.9,8,"Norwalk, CT"
Whittier,CA,85331,65.9,17.4,18.1,5.4,76,2.7,65,4.6,30.1,35,4.8,7.7,11.4,65.9,9.2,15.2,25.4,32.3,79.7,11.2,25,86.5,11.4,19.3,34.3,2.4,67.9,8.7,"Whittier, CA"
Newport Beach,CA,85186,69.2,19.6,18.1,7.6,83,2.4,76.5,4.4,47.5,39.2,5.2,7.7,9,79.2,7.6,5,26.1,33.9,81,8.4,18.9,85.6,8.8,11.8,27.5,2.3,73.6,5.5,"Newport Beach, CA"
Deltona,FL,85182,74.4,25.6,16.8,6.5,76.5,3.3,59.9,8.7,26.4,33.6,7.4,8.3,21,55.6,12.2,23.9,32.5,38.2,80.1,14.4,33.6,79.5,15.3,34.3,38.1,3.5,76.8,17.7,"Deltona, FL"
Newton,MA,85146,76.9,21.9,18.2,7,83.1,2.1,75.4,4,37.6,34.7,4.7,9.3,9.8,79,6.9,4.2,26.4,33.6,84.8,9.2,20,84.8,7.9,14.5,29,2,79.5,8.9,"Newton, MA"
Plantation,FL,84955,76.9,20.7,18.3,6.5,81,2.6,64.8,5.8,35.3,31.3,5.5,7.4,14.2,68.6,9.6,17.5,29.4,35.5,83,11.3,24.9,82.1,11,23.5,35.4,2.8,75.3,11,"Plantation, FL"
San Leandro,CA,84950,67.5,19.9,16.1,5.8,76.2,2.8,67.1,5.1,32.7,31.8,5.4,8.7,14,64.1,10.6,11.7,28.4,32.8,78.1,11,21.2,80.3,11.3,21.1,36.2,2.8,73.1,11.3,"San Leandro, CA"
Trenton,NJ,84913,76.7,23.9,14.4,4.6,68.4,3.5,53.9,8.5,23,20.9,6.7,10.8,23.8,52.8,13.7,25.4,35.4,36,79.7,17,38.9,84.9,17.8,42.2,45.7,4.4,74.4,26.1,"Trenton, NJ"
Suffolk,VA,84585,77.6,27,16.1,6.1,80,2.8,65.9,6.4,40.8,33.3,5.8,9.5,19.1,67.4,11.4,13.5,37.2,35.7,82.9,12.2,33.6,85.2,11.9,24.3,41.4,3.3,79.3,15.3,"Suffolk, VA"
Greenville,NC,84554,71.9,18.2,18.6,4.2,67.5,2.5,66.9,5.5,37,32.9,4.6,9.6,20,60,8.7,16.9,27.6,29.5,80.5,15.1,33.3,84.4,10.9,22.1,37.9,2.8,70.4,18.9,"Greenville, NC"
Sunrise,FL,84439,77.7,22.8,16.3,6.5,78.7,3.2,59.7,7,30.5,26.2,6.7,8,16.5,61,12.1,22.8,33.3,37.1,82.5,12.7,28.1,81.3,13.3,29.5,38.1,3.7,76.7,16.2,"Sunrise, FL"
Boca Raton,FL,84392,78.8,24.8,18.5,8.5,82.4,2.8,69.5,6.2,37.8,37.4,6.9,6.9,12.3,77.5,9.5,14.1,28.9,38.6,80.7,10.1,20.5,85.1,11.1,23.3,34.5,2.9,79.3,7.4,"Boca Raton, FL"
Hawthorne,CA,84293,66.1,16.8,16.4,4.1,70.8,2.9,59.3,5.2,24.4,30.5,4.5,9.3,15.4,55.3,10.7,18.4,27.8,31.2,80.5,13.8,29.8,85.8,13.1,23.5,39.9,2.9,66.1,12.9,"Hawthorne, CA"
Allen,TX,84246,69.5,18.4,19.4,5,78.4,1.9,65.1,3.8,38,38.3,3.7,7.9,13.8,69.3,7.3,12.4,24.2,33.7,77.7,10,27.3,81.6,8.6,19.1,33.3,1.8,70.7,8.1,"Allen, TX"
Clifton,NJ,84136,76.9,22.5,16.8,6.2,79.5,2.7,56.7,6,34.7,28.4,5.9,8.1,16.1,71.4,8.8,14.5,30.7,34.7,76.3,11.2,27.8,82.5,11.5,29.3,36.7,2.6,75.3,12.2,"Clifton, NJ"
Westland,MI,84094,71.4,30.1,21.6,7.3,76.9,3,66.4,8.9,33.2,32,7,11.1,22.9,69.1,9.6,11.6,33.6,38,78.9,14.4,32.8,83.3,13.9,23.9,40.1,3.4,75.5,13.1,"Westland, MI"
Cicero,IL,83891,63.2,18.1,21.2,3.8,63.9,3.2,46.1,5.8,26.7,20.4,5.3,9.4,19.5,46.1,11,31.6,27.4,35,75.4,14.4,36.1,84.5,15,34.4,36.3,2.8,65.8,19.9,"Cicero, IL"
San Marcos,CA,83781,63.6,17.2,20.9,5.3,72.4,2.5,69,5,28.7,32,4.7,8.4,13.6,68.2,8.2,12.6,24.8,31.8,80.4,12.3,21,85.8,10.8,18.4,33.3,2.5,67.3,10.8,"San Marcos, CA"
League City,TX,83560,68.2,19.2,20.8,5.2,77.8,2.1,64.1,4.2,40.1,30.4,4,8.2,15.3,69.7,8.1,13.6,27.8,32.3,75.6,10.3,31.2,81.3,9.4,20.1,34.8,1.9,73.3,7.7,"League City, TX"
Asheville,NC,83393,73.9,23.9,15.5,6.9,79.1,2.9,67.8,6.2,43.6,35.5,6.4,8.3,16.5,63.9,9.4,13.9,30.9,34.7,79.8,11.7,26.6,86.9,11,19.6,30.1,3.2,77.7,13.8,"Asheville, NC"
Citrus Heights,CA,83301,64.4,22,19.6,6.6,73.5,2.9,72.5,6.7,32.5,28.4,6,10.1,16.4,65.9,9,9.9,30.5,33.1,78.7,13.2,27.9,82.6,12.7,19.8,35.3,3,68.8,11.8,"Citrus Heights, CA"
Alhambra,CA,83089,67.4,16.8,12.4,4.8,75.9,2.7,58.9,4.1,25.9,32.3,4.8,6.8,11.1,61.1,11.4,13.1,27.7,35.4,77.6,10.1,18.3,78.9,10.6,22.8,37.9,2.5,72.6,9.2,"Alhambra, CA"
Tracy,CA,82922,62.1,17.4,19.7,4.7,73.3,2.4,66.8,4.8,35.7,31.7,4.3,8.8,14.2,67.2,8.6,12.3,25.8,31.2,81.2,12.3,28,84.8,11.1,20.6,35.6,2.2,66,11.9,"Tracy, CA"
Bloomington,MN,82893,71.1,21.7,21.8,7.4,78.7,2.7,71.6,4.4,40.6,40.6,5.7,7.8,14.3,76.3,7.6,7.7,27.8,34.3,80.2,8.7,22.8,83.4,8.7,16.4,27.6,2.7,78.5,8.3,"Bloomington, MN"
Ogden,UT,82825,61.1,23.1,12.9,5.3,60.1,2.9,63,5.7,28.9,30,5.5,9.6,13.9,64.8,9.5,19.6,27.4,36.3,73.8,14.5,36.1,77,13.8,26.2,34.2,3,66.5,17,"Ogden, UT"
Sioux City,IA,82684,68.7,23.8,19.4,6.3,68.5,2.9,61.2,6.5,40.1,33.1,6.5,8.7,19.6,64.2,10,11.5,29.2,38.3,76.5,12.6,36.2,81.5,12.2,26.4,28.9,3.3,76.6,16.1,"Sioux City, IA"
Warwick,RI,82672,82,31.5,17.9,7.6,83,2.7,70.9,7.5,38,34.1,6.5,11.3,18.8,72.7,9.4,7.1,35,36.3,82.9,12.8,28.7,,12.6,22.4,35.7,2.9,81.2,11.8,"Warwick, RI"
Hoover,AL,81619,73,24,17.8,6.6,82.1,2.3,74,5.3,46.3,38.6,5.2,7.9,14.1,74.5,8.3,10.3,30.7,35.9,81,10.4,29.2,85.5,9.9,20.4,32.9,2.2,77.7,8.3,"Hoover, AL"
Parma,OH,81601,73.3,28.6,18.5,7.6,77,2.9,64.3,8.1,38.7,32.8,7.5,9.3,22.5,70.1,9.7,9.1,32.5,35.3,74.6,12.3,27.4,81.1,12.4,24.8,34,3.3,80.7,16.5,"Parma, OH"
Nampa,ID,81557,56.5,22.2,15.2,5.8,63.9,3,51.3,6.5,34.4,23.8,6.2,10,19.1,58.1,9.4,23,28.6,37.3,67.4,14.3,33.6,77.2,13.1,25.3,32.9,3.3,63.7,19.1,"Nampa, ID"
Edmond,OK,81405,68,21.6,14.6,6,75,2.3,66.8,5.2,43.7,43.4,5.2,9.2,14,71,7.5,10.8,27.2,33.9,80.7,11.6,26.6,84.9,10.2,20.8,30,2.3,74.1,10.1,"Edmond, OK"
Champaign,IL,81055,62.7,16.4,21.5,4.1,62.1,2.1,63.5,4.7,35.5,33.3,3.7,9.6,17,61.2,6.5,11.3,22.5,30.7,77.9,13,29,80.8,9.6,22,30.4,1.9,66.9,12.3,"Champaign, IL"
Troy,MI,80980,71.9,26.1,18.4,7.4,82.7,2.5,70.4,5.5,37.6,32.8,5.6,8.8,14.2,80.8,8.3,6.9,29.7,39.1,77.8,9.7,21.7,85.1,10,17.8,32.3,2.4,76,7.4,"Troy, MI"
Livermore,CA,80968,65.5,18.7,21.5,6,79.1,2.3,72.6,4.7,38.1,37.1,4.5,8.8,13.4,72.4,7.5,8.2,23.8,29.9,79.3,10.7,21.3,84.6,9.9,15.2,32.7,2.1,68.9,8.1,"Livermore, CA"
Danbury,CT,80893,67.9,21,18.7,5.7,76.2,2.5,69.7,5.4,33.6,31.9,5,9.3,16.3,70.9,8.1,12,25.3,33.7,81.6,12.4,25.3,,11.5,21.7,36,2.4,70.7,9.8,"Danbury, CT"
Bellingham,WA,80885,56.1,20.9,19,5.8,65.1,2.6,69.1,5.8,43.2,29.6,5.3,10.3,15.1,63.7,7.4,10.1,23.5,34.9,71.8,13.4,27.6,,11.2,15.3,30.1,2.6,67.5,12.1,"Bellingham, WA"
Hammond,IN,80830,65.1,26.6,16.3,5.5,68,3.3,53.1,8.2,28.3,21.9,7.2,10.6,23,50.8,13.1,19.9,34.5,39.1,73.9,14.7,39.1,81.5,15.8,33.5,41.2,3.8,76.3,23.2,"Hammond, IN"
Buena Park,CA,80530,65.4,17,15.2,4.9,73.4,2.7,63.4,5,37.3,31.4,5,8.1,13.4,62.8,10.3,13.9,25.7,33.9,78.5,11.4,21.8,80.1,11.8,20.9,34.2,2.5,69.7,10.9,"Buena Park, CA"
Longview,TX,80455,69.8,25.3,17.3,6.4,71.9,3.2,60.8,7.2,35.2,29.5,6.8,9.7,19.8,55.8,12.2,22.3,34.5,37.7,75.3,13.6,36.2,80.8,13.8,28.8,35.2,3.7,77.2,16.5,"Longview, TX"
Bloomington,IN,80405,59.7,15.6,20,3.7,53.8,2,61.9,5.2,33.6,28.5,3.8,10.9,19.3,57.8,5.8,12.5,19.6,29.3,74.6,15.5,25.8,77.5,9.6,22.9,33,1.9,63.2,14.2,"Bloomington, IN"
Cranston,RI,80387,81.9,26.3,16.8,7.3,80.8,2.6,70.6,7,41.8,33.5,6.5,11.3,16.7,74.8,9.4,9,31.8,34.4,83.5,13,26,,12.5,25.7,37.8,2.8,79,11.4,"Cranston, RI"
Gary,IN,80294,74.8,34,11.3,5.9,71.9,4.8,53,10.3,21.5,17.5,9.3,13,25.5,42.3,21.6,18.7,49.2,42.1,79,15.9,49.1,83.7,19.3,40.2,48.1,6.7,83.1,31.1,"Gary, IN"
Lakewood,CA,80048,67.4,18,17.8,5.6,78.5,2.5,66.5,4.8,31.2,37.7,4.6,8,12.3,68.1,8.8,10.6,26.2,32.4,79,11,22.7,84.4,10.6,17.7,35.8,2.4,69.4,8.2,"Lakewood, CA"
Farmington Hills,MI,79740,73.3,27.9,17.9,7.8,82.4,2.7,70.4,6,36.7,31.1,6.1,9.4,14.9,79.5,8.9,7.3,32,38.8,78.8,10.2,24.3,86.5,10.7,18.8,33.2,2.8,77,8,"Farmington Hills, MI"
O'Fallon,MO,79329,69.9,25.1,21.6,5.9,76.7,2.1,66.6,5.7,45.4,41,4.7,9.1,19.2,66.7,7.4,10.9,27,31.8,77.9,12,31.4,84.7,10.5,19.9,33.4,2.1,74.2,10.8,"O'Fallon, MO"
Carmel,IN,79191,69.3,22.8,18.5,6.5,82.4,2.1,71.3,4.3,45.6,35.8,4.8,8.7,11.9,81.8,7.7,6,28.9,34.8,77.3,8.6,24.9,83.3,8,15.5,29.8,2,75,7.2,"Carmel, IN"
Concord,NC,79066,73.9,22.7,15.8,6,78.1,2.8,66.9,6.5,39.2,33.3,5.9,8.5,19.7,64.4,9.8,17.1,32.5,33.6,79.6,13.1,33.1,86,12.1,24,32.8,3.1,75,17.4,"Concord, NC"
Merced,CA,78958,62.1,19.7,16.1,4.8,65.8,3.4,61,7,27.5,24.1,6.1,9.8,17.8,51.9,11.8,19.4,28.6,33.3,79.5,15.6,28.4,81.9,15.1,28.2,37.6,3.4,68.1,19.3,"Merced, CA"
Racine,WI,78860,70.6,25.1,21.7,5.9,71.7,3.1,62.7,6.8,31.1,25.4,6.5,10.1,21.4,62.6,11,16.6,32.8,35.4,77.7,14,37.4,82.6,14.1,25.4,39.8,3.5,73.6,16.9,"Racine, WI"
Sugar Land,TX,78817,70.8,19.5,16,5.7,80.8,2.2,65.4,3.8,37.3,37,4.6,7.2,11.7,72.4,9.7,12.3,28,36.7,78.1,8.5,24.4,78.6,8.4,19.7,32.1,2,78.2,6.7,"Sugar Land, TX"
Hemet,CA,78657,68.6,29.1,14.6,8.1,73.9,4.2,66.8,9,29.7,29,9.6,9.5,16.9,57,13.4,16.2,37.8,40.2,79,13.8,30.3,83.5,16.7,28.7,37.7,4.9,75.9,18.9,"Hemet, CA"
Chino,CA,77983,63.5,16.1,19.3,4.2,73.3,2.4,62.7,4.6,27.4,29.3,4.3,8.8,14.2,63.1,8.9,15,25.7,32.2,81.8,12.2,25.5,83,11.2,20.2,38.2,2.2,64.6,12.4,"Chino, CA"
Largo,FL,77648,77.5,30.6,16.9,9,80.2,3.7,64.6,10,33.7,33.2,9.8,7.9,20.7,58.6,12.1,19.6,36.1,39,75.7,13.1,28.3,77.1,15.4,31,37.7,4.5,81,18.3,"Largo, FL"
Menifee,CA,77519,68.1,24.7,17.4,7.4,77,3.3,70.8,6.7,32.3,32.7,7.3,8.7,14.3,65.7,10.8,12.2,32.8,36.3,79.8,11.7,27.3,84.3,13,22.7,36.7,3.5,74,13.6,"Menifee, CA"
Albany,GA,77434,78.1,26.6,12.6,5.5,71.8,3.8,59.1,8.8,29.1,26.3,6.9,11,24,51.9,15.3,24.2,42.6,36.7,83.7,16.1,38.4,84.7,15.9,37.1,47.1,5,76.6,25.2,"Albany, GA"
Camden,NJ,77344,76.4,24.7,12.7,4,66.1,3.8,45.2,8.6,21.1,17.5,7.1,11.1,26,43.1,15.6,28.5,37.1,35.6,79.6,18.3,42.9,84.2,19,46.7,49.8,4.5,74.6,28.7,"Camden, NJ"
Lake Forest,CA,77264,66,16.7,18.7,5.5,78.5,2.2,70.7,4.4,41.9,34.5,4.3,8,11.4,73.1,7.8,8.4,23.4,31.8,80.3,10,20.8,84,9.8,14.7,31.1,2.1,68.2,9,"Lake Forest, CA"
Edinburg,TX,77100,62,15.6,15.9,3.6,63.8,3,53.1,4.6,28.6,25.9,4.9,7.6,14.4,52.6,10.9,36.4,26.7,35,78.6,12.5,31.2,81.6,12.2,26.9,33,2.5,70.3,12.8,"Edinburg, TX"
New Rochelle,NY,77062,72.5,24.4,18,6.4,78.8,2.8,68.5,5.9,37,32.6,5.9,10.4,14.1,67.7,9.8,12.3,28.7,36.8,78.8,10.9,23.8,83.5,11.5,25.7,34.9,2.9,75.3,13.9,"New Rochelle, NY"
Mission,TX,77058,64.4,19.3,14.6,4.9,68.4,3.5,55.5,5.6,31.2,28.1,6.4,7.8,14.3,53.6,12.4,36.8,30.8,38.5,77.3,12.3,31.2,81.3,13.4,28.4,32.5,3.2,75.1,14.3,"Mission, TX"
Napa,CA,76915,63.8,20.7,19.2,6.5,75.4,2.8,69.3,5.9,37.9,30.3,5.8,8.9,14.5,70.2,8.9,12.3,28.1,34.1,76.7,12,24,83.9,12,19.8,32.7,2.8,70.2,11.2,"Napa, CA"
Redwood City,CA,76815,63.4,17.1,17.9,5.6,76.1,2.4,69.7,4.4,37.6,36.3,4.4,8.2,12.2,71.7,8,11.9,25.3,29.6,81.2,10.6,25,84.2,9.8,17.4,31.7,2.1,67.9,8.4,"Redwood City, CA"
Fishers,IN,76794,66.2,18.6,21.4,5,79.2,1.7,70.4,3.7,45.5,36.9,3.5,9,13.6,80.8,6.1,6.8,24.2,30.2,77.3,9.4,25.8,84,7.4,14.7,31.3,1.5,68.7,6.8,"Fishers, IN"
St. Joseph,MO,76780,69.8,29.3,18.6,6.8,71.3,3,56.7,8.9,37.3,33.5,7.1,10.1,26.7,51.6,10.9,16.3,33.9,39.6,74.4,15,40.9,80.9,16,30.1,34.8,3.5,77.5,19.8,"St. Joseph, MO"
Johns Creek,GA,76728,73.8,16.8,16.8,5.5,84.5,2,66.5,3.9,38.6,42.3,3.8,7,11.5,76.8,7.2,10.2,26.8,32.5,81.7,8.6,18.9,82.6,7.9,18.2,33.3,1.8,73.3,7,"Johns Creek, GA"
Bend,OR,76639,60.6,23.9,21,6.6,74.1,2.6,66.4,5.7,28.6,30.8,5.5,9.7,15.2,68.4,7.5,8.8,24.5,33.2,74.7,11.9,26,84.9,10.5,14.1,29.7,2.6,70.4,11.9,"Bend, OR"
Bellflower,CA,76616,65.5,17.3,16.7,4.6,72,2.8,60.5,5.2,26.6,32.3,4.7,8.6,14.4,58.6,10.1,16.8,27.1,32.6,79,13,26.7,84.5,12.6,22.3,38.2,2.7,67.2,11.7,"Bellflower, CA"
Bloomington,IL,76610,66.9,23.2,20.9,6,74.6,2.4,64,5.5,38.1,31.2,5.1,9.1,16.6,68.2,7.9,9.2,27.1,32.3,76,11.3,32,84.5,10.7,21.9,33.4,2.5,73.8,12.7,"Bloomington, IL"
Lawrence,MA,76377,74.3,22.5,15.3,4.4,67.2,3.4,54.1,7,20.8,17.3,6.6,11.4,20.9,54.6,13.7,21.9,28.4,35.9,78.6,16.8,32,83.5,16.4,33.2,40.5,3.3,72,25.7,"Lawrence, MA"
Avondale,AZ,76238,63.2,19.2,17.7,4.1,68.7,2.7,58,5.1,30.4,27.5,4.4,10,18,59.9,8.9,19.3,24.8,32.7,79.8,13.6,29.9,,12.4,24.7,38.1,2.4,65.9,14.7,"Avondale, AZ"
Bryan,TX,76201,68,19.1,17.4,4.8,66.1,2.7,60.9,5.6,30.4,31.6,5.3,9.5,18.9,60.2,9.7,26.6,27.6,33.7,79.8,13.9,32.8,82.3,12.5,25.8,36.4,2.9,73.8,13.6,"Bryan, TX"
Decatur,IL,76122,70.6,30.6,17,7.3,74.2,3.6,58.9,8.7,32,27.5,8,10.6,21.8,56.8,12.3,12.7,37,39,74.3,13.8,37.3,82.7,15.4,30.4,34.3,4.3,78.8,18.7,"Decatur, IL"
Scranton,PA,76089,72.9,29.8,18.9,7,71.7,3.3,59.6,8.3,37.1,29.3,7.9,10.7,21.3,59,11.2,11.4,33.3,37.4,77.1,14.9,31.4,80.6,14.4,28.4,36.3,3.9,77.8,19.4,"Scranton, PA"
Melbourne,FL,76068,77.4,28.4,16.8,7.9,78.9,3.4,61.3,9.1,34,28.5,8.3,8.3,20,57.7,12.6,18.7,32.9,39.6,76.4,13.5,27.3,78.6,14.9,29.9,35.3,4.1,80,16.8,"Melbourne, FL"
Indio,CA,76036,64.3,21.2,16.9,5.5,69.9,3.3,66.2,6.2,30.7,30.7,6.4,8.7,15.5,57.2,11.4,21,30.2,35.6,80.4,13.3,31,84.7,14.4,27.1,38.3,3.2,68.9,14.5,"Indio, CA"
Brooklyn Park,MN,75781,69.1,17.7,22.1,5,72.8,2.4,66.9,4,36.7,38,4.3,8.3,17.5,70.2,7.4,9.9,25.3,30.8,80.5,10.2,25.3,82.3,9,18.4,32.3,2.4,73.3,10.3,"Brooklyn Park, MN"
Somerville,MA,75754,71.3,16.4,21.5,4.5,73.1,1.9,70,4,33.4,30.8,3.5,10.1,14.4,69.9,5.7,7.2,21.2,27.5,83.9,11.9,22.3,84.2,8.4,16.7,32.4,1.8,70.2,14.5,"Somerville, MA"
Lynchburg,VA,75568,73.6,23.7,15.6,5.9,71,2.9,64,6.7,36.4,32.6,6.1,9.7,19,66.2,10.4,14.6,31.3,35.4,81.7,13.7,29.9,84.4,12.2,24.7,36.4,3.4,77.5,16.7,"Lynchburg, VA"
Tustin,CA,75540,64.4,15.3,16.8,4.7,73.3,2.3,67,4.4,39.9,33.2,4.2,8,12.5,66.4,8.4,12.7,23.1,31.5,79.6,10.9,21.6,82.7,10.5,18,33,2.1,66.4,9.7,"Tustin, CA"
Baldwin Park,CA,75390,63,15.6,16.2,3.9,68.4,2.8,55.3,4.6,22.4,28.5,4.6,7.9,13.5,54.3,11.1,22.7,25.8,33.7,78.1,12.9,26.3,83.1,13.2,25.7,37.7,2.5,65.7,12,"Baldwin Park, CA"
Palm Coast,FL,75180,80.1,28.8,15.1,8.7,81.3,3.5,67.7,8.7,35.7,31.2,8.7,7.9,18.8,65.2,13,18.4,37.4,40.9,79,12.2,27.8,78.7,14.3,30,34.5,4.2,81.4,15.8,"Palm Coast, FL"
Arlington Heights,IL,75101,71.4,23.5,22.9,7.8,83.5,2.6,66.9,5.1,42,33.1,5.6,8.4,12.7,74.1,7.8,7.4,29.4,36.4,76.5,9,24.4,85.7,9.5,18,29.3,2.5,76.4,7.9,"Arlington Heights, IL"
Meridian,ID,75092,57.9,20.6,19.6,5.8,73.4,2.2,63.4,4.7,40.4,34.7,4.6,8.9,14.4,70.8,7.3,14,26.6,34.5,69.9,11.8,25,81.1,9.7,17.1,28.1,2.2,63,12.2,"Meridian, ID"
Deerfield Beach,FL,75018,77.8,26.7,15.6,7.9,78.7,3.6,60.6,8.7,32.3,27.5,8.4,8.2,18.4,59,12.9,22.8,36.6,40.3,81.3,13.4,28,80.5,14.9,31,37,4.4,78.7,17.1,"Deerfield Beach, FL"
Bethlehem,PA,74982,71.1,27.7,18.7,6.7,71.8,2.9,62.9,6.6,39.4,32,6.7,10.1,18.2,62.2,10.1,12.4,31,34.6,78.3,13.2,31.4,81,12.5,27.2,37.1,3.1,77.2,15.6,"Bethlehem, PA"
Medford,OR,74907,63.3,27.6,18.1,7.4,70.1,3.3,63.5,8.1,32.9,28.6,7.5,10.9,21.2,59.8,10.3,13.2,30.4,38.6,74.1,14.4,28.1,80.6,13.8,18.8,33.7,3.8,73.5,15.9,"Medford, OR"
Chino Hills,CA,74799,66.2,15.3,17.6,4.5,79.6,2.1,66.1,3.6,31.1,34.3,3.6,7.8,10.6,71.9,8.1,8.5,24.7,32.3,82.5,9.7,20.2,81.8,8.7,16,36.9,1.8,67.4,7.7,"Chino Hills, CA"
Evanston,IL,74486,69.9,18.9,23.5,5.8,76.7,2.3,66.4,4.2,39.5,31,4.3,8.8,12.3,71.1,7.2,8.5,26.1,32,79.1,9.6,25.1,86.2,8.5,17.5,31.1,2.2,73.2,8.4,"Evanston, IL"
Kalamazoo,MI,74262,68.8,24.7,20.6,5,63.4,2.8,66.1,7.5,31.3,31.6,5.4,11.9,20.5,61.2,9,13.3,26.4,31.8,80.9,16,37.4,84.4,13.4,23.1,38.3,3,71.2,16.8,"Kalamazoo, MI"
Schaumburg,IL,74227,69.2,19.9,23.5,6.2,79.9,2.3,64.7,4.6,39.6,31.8,4.6,8.2,13.7,71.2,7.3,8.5,26.5,33.9,76.5,9.4,23.7,84.1,9,18.7,31.7,2.1,73.3,8.7,"Schaumburg, IL"
Mountain View,CA,74066,63.8,14.1,16.9,5.2,78.7,2,74.2,3.3,38.7,36.6,3.7,7.4,9.4,75.4,6.9,7.7,20.3,27.7,80.9,8.6,19.1,84.4,7.8,15.8,30.2,1.7,65.9,6.3,"Mountain View, CA"
Kennewick,WA,73917,59.7,25.8,17.8,6.1,67.6,3,63.2,7.1,29.8,29.7,6.2,10.6,18.3,63.2,10.1,14.5,29.4,39.7,74.3,13.6,34.6,,13.6,20.2,33.7,3.1,68,16,"Kennewick, WA"
Alameda,CA,73812,67.8,18.7,17.4,6.1,80,2.4,71.9,4.3,36.9,35.9,4.6,8.3,11.7,71.8,8.7,7.3,25.8,31.4,79.2,9.7,18.5,81.9,9.3,16.2,33.7,2.3,72.6,7.5,"Alameda, CA"
Upland,CA,73732,66.4,19.8,17.6,5.7,76.6,2.8,66.6,5.4,31.6,32.3,5.3,9,13.5,65.6,9.5,12,29.1,35,82.1,11.9,25.1,83.6,11.6,19.5,36.6,2.7,69.7,11.5,"Upland, CA"
Fayetteville,AR,73580,64.7,17.4,18.5,4.6,64.2,2.1,59,5.6,36.4,31.4,4.6,9.1,20.5,59.5,6.6,10.6,24.9,29.9,75.2,14.8,29.8,,10.8,24.6,34.2,2.1,68.8,15.6,"Fayetteville, AR"
Bolingbrook,IL,73366,67.9,19.6,19.8,4.7,74.8,2.3,60.7,4.8,32.5,27.9,4.3,9,16.9,63.9,8.8,12.3,27.4,32.5,77,10.7,34.7,83.7,10.6,24.1,34.6,2.2,71.6,14,"Bolingbrook, IL"
New Britain,CT,73206,73.1,24.4,16.5,5.6,72.2,3.1,63.6,7.1,31.3,28.5,6.4,11.3,19.3,67.4,11.1,14.9,31.5,36.1,82.6,14.4,30.4,,13.9,30.7,36.8,3.3,72.2,16.6,"New Britain, CT"
Canton,OH,73007,75.4,31.4,15.7,6.5,70.9,3.7,56.3,10.5,32.8,23.4,8.3,11.3,27.9,57.5,14.2,13,36.8,36.4,76.1,16.9,40.1,82.3,17,35.6,42,4.6,79.6,23.2,"Canton, OH"
St. George,UT,72897,62.7,25.8,10.4,7.6,66.7,3.3,69.4,5.8,36.4,27.9,6.9,8.7,9.4,71.2,9.6,13.5,29.6,38.9,72.5,11.6,24,78.8,11.5,18.1,30.8,3.4,74.8,12.3,"St. George, UT"
Appleton,WI,72623,69.5,22.4,24,6.3,75.2,2.5,68.3,5.6,35.1,29.6,5.7,8.9,17.9,74.1,8.3,10.2,27,33.5,78.1,11.9,30.2,83.8,10.9,19.1,29.8,2.6,73.4,12.8,"Appleton, WI"
Folsom,CA,72203,64.7,16.9,21.8,5.8,78.1,2.1,76.6,4.1,37.1,33.3,4.1,8.6,12.2,74.7,6.7,7.5,25.7,29.1,80.4,9.9,23.8,84.3,8.9,14.3,33.9,1.9,64.8,6.8,"Folsom, CA"
San Ramon,CA,72148,64.5,15,16.5,5.2,82.3,1.8,74.9,3.1,39.9,40.5,3.3,7.2,9.1,81.3,6.6,5.2,21.2,29.9,80,8.2,20.4,83.8,7.1,13,31.9,1.5,67.3,4.9,"San Ramon, CA"
Wyoming,MI,72125,70.2,26.2,22.2,5.7,71.3,2.7,64.6,7.5,38.8,31,5.7,10.7,21.9,66.3,8.9,14.1,28.4,34.6,80,14,33.2,84.2,13.5,23.7,36,2.8,71.7,14.5,"Wyoming, MI"
Lake Charles,LA,71993,75.5,27.5,16.8,6.2,72.8,3.6,59.3,8.4,25.6,27.9,7.7,9.7,23.2,53.8,14,17,41.5,39.2,79.8,14.4,39.1,83.6,14.8,31.7,41.3,4.6,81.9,21.6,"Lake Charles, LA"
Baytown,TX,71802,67.7,21.3,16.9,5.5,69.3,3,57.7,6.4,28.6,29.1,6.3,9,17.5,55.4,11.7,27.2,31.3,38.9,75.4,13.4,32.5,80.9,13.5,29.4,35.2,3.1,74.2,17.7,"Baytown, TX"
Gastonia,NC,71741,73.8,27.5,13.8,6.6,77.4,3.4,63.1,8.2,34.4,32.3,7.6,9.4,21.5,55.5,12.6,19.5,37.6,38.4,79,14.4,33.8,85.3,15,27.7,37.3,4.2,78.6,20.6,"Gastonia, NC"
Southfield,MI,71739,78.5,31.1,14.8,7.3,80.9,3.5,68.7,7,29.8,26.1,6.9,11.3,17.7,72,13.3,10.2,41.7,39.6,82,11.8,33.1,88.4,13.2,24.4,39.4,4.1,80,11.9,"Southfield, MI"
Pawtucket,RI,71148,81.1,27,15.6,6.4,76.4,3,65.1,8.5,37.1,29.1,7,13,20.9,66.4,11.1,13.1,33.2,34.7,82.6,16.2,30.6,,15.5,31.3,41.3,3.5,77.5,16.7,"Pawtucket, RI"
Rochester Hills,MI,70995,71.6,26.3,19.6,7.5,82.3,2.4,71.3,5.5,38.2,32.8,5.5,9,14.6,81.4,7.8,6.8,29.2,38.4,78.2,10,22.5,86,10,17.3,31.8,2.3,75.4,6.9,"Rochester Hills, MI"
Wilmington,DE,70851,77.1,24.3,15.1,5.6,72.5,3.5,59.5,7.5,31.9,30.7,6.4,10.7,23.8,52.7,13.9,17.1,37.6,35.2,82.6,14.5,36.4,83.7,14.2,32.9,43.1,4.3,76.9,21.6,"Wilmington, DE"
Waukesha,WI,70718,67.3,22.1,24.9,5.9,74.5,2.4,66.5,5.1,31.8,32.9,5.1,8.7,17.2,73,7.7,10.6,26.1,34.3,78.3,11.5,28.9,83.2,10.4,18.2,33.4,2.4,72.2,11.5,"Waukesha, WI"
Plymouth,MN,70576,70,18.4,24,6.4,80.3,2.2,73.1,3.4,42.5,43.6,4.3,7.4,12.3,80.6,6.1,5.6,23.6,31.3,81.5,7.9,21.4,84.9,7.2,13,26.8,2,75.7,6,"Plymouth, MN"
Pharr,TX,70400,62.7,19.6,13.6,4.4,63.2,3.9,49.9,6.2,27.8,24.9,6.7,8.3,16.5,45.3,14,43.8,31.6,39.6,77,14.2,34.3,80.6,15.5,33.2,34.2,3.5,73.8,16.4,"Pharr, TX"
Pleasanton,CA,70285,67.5,17.9,19.7,6.2,82.8,2.1,75,3.8,40.5,39.8,4.1,8,10.2,77.6,7.2,5.5,23.5,30.1,80,8.7,18.1,84.1,8.2,13,31.5,1.9,70.7,6,"Pleasanton, CA"
Auburn,WA,70180,60.2,23.3,17.6,5.9,69.7,2.9,63.4,6.4,38.2,33,5.7,10.1,16.2,64.5,9.1,12.2,27.8,35.6,76.1,13.1,27.7,,12.4,18.3,32.7,3,66.2,13.6,"Auburn, WA"
Jacksonville,NC,70145,68.8,14,23.7,3.2,60.2,1.8,64,4.2,39,32.3,3.3,8,19.5,67.1,5.8,18.7,22,26.5,78.8,13.8,24.8,82.7,8.7,19.4,37,1.8,61.9,18.3,"Jacksonville, NC"
Muncie,IN,70085,66.6,24.7,16.2,5.5,61.9,3,60.6,8.4,33.6,27.8,6.7,11.5,24,55.8,10.5,14.1,31,37.4,74.2,16.9,35,77,13.9,28.9,36.3,3.4,73.7,21.7,"Muncie, IN"
Springdale,AR,69797,65.2,22.6,15.8,5.5,66.4,2.9,53.1,7.8,32.3,27.7,6.6,9.4,24.5,50.7,10.3,19.5,31.8,35.7,72.5,16.2,35.7,,15.2,34,36.7,3.1,73,23.1,"Springdale, AR"
Passaic,NJ,69781,73.1,20.8,14.4,4,66.6,3.5,42.2,7.3,23.7,19.4,6.4,9.2,21.7,50.9,12.4,32,31.9,35.5,76.4,15.8,36.8,82,16.7,43.6,41.6,3.4,70.4,22.7,"Passaic, NJ"
Lynwood,CA,69772,61.6,16.2,16.2,3.4,63.5,3.2,51.5,5.7,18.9,24.5,4.8,9.5,17,46.4,11.7,28.2,26.5,32.5,79.7,16.1,32.3,85.3,15.9,29.2,39.7,3,62.6,18,"Lynwood, CA"
Union City,CA,69516,66.4,16,15.5,4.7,75.6,2.3,67.4,3.7,32.1,32.7,4.2,7.5,11.9,66.7,9.7,10.3,25,31.4,77.9,9.6,17.1,78,9.1,19.3,36.5,2.1,71.8,8.6,"Union City, CA"
Apple Valley,CA,69135,67.4,24.9,16.2,6.8,76.7,3.5,64.2,7.8,29,30.3,7.3,10.1,16.8,60.1,11.9,12.9,34.2,38.5,80.9,14,28.1,83,14.7,23.2,37.7,3.8,73.1,15.7,"Apple Valley, CA"
Redlands,CA,68747,66.6,20,18,6.1,77.3,2.7,67.8,5.3,32.7,33.2,5.3,9.1,12.9,67.9,9,10.5,28.3,34.5,82.2,11.7,23.8,83.7,11.1,18.2,35.4,2.6,70.2,10.4,"Redlands, CA"
Palatine,IL,68557,68.3,19.8,24.3,6,78.8,2.3,64.1,4.8,40.6,32.9,4.6,8.5,14.3,69.9,7.3,10.3,26.3,34,76.7,10,25.8,85.4,9.6,19.1,31.3,2.1,71.8,8.5,"Palatine, IL"
Turlock,CA,68549,63.9,20.6,18.3,5.9,71.4,2.9,66.1,6.3,34.1,30.6,5.9,9.4,15.3,63,9.8,13.9,28.5,33.8,78.2,13.4,29.8,84.9,12.7,23.5,35.1,3,68.1,14.9,"Turlock, CA"
Waterloo,IA,68406,70.5,27,20.9,6.7,70.4,3,66,6.5,51.9,34.5,6.7,8.8,19.7,66.4,11.2,9.8,33.1,37.5,78.8,12.1,34.9,83.1,11.7,26.7,29.9,3.6,77.8,16.1,"Waterloo, IA"
Perris,CA,68386,61.7,16.6,17.9,3.6,63.4,2.9,58.4,5.3,23.6,24.8,4.7,9.3,17.4,52,10.4,23.1,26.8,31.4,81.2,14.9,33,84.4,14.2,28.6,41.6,2.7,62.1,18.7,"Perris, CA"
Boynton Beach,FL,68217,79.6,27.7,16,8.2,79.7,3.6,63.3,8.4,33.1,32.7,8.4,8,17.3,66.4,12.7,21.8,34.3,39.6,79.7,12.7,26,84.4,14.8,32,39.9,4.3,80,13,"Boynton Beach, FL"
Rapid City,SD,67956,68.9,27.5,18.1,7,71.7,2.9,65.8,6.3,45.5,38.3,6.8,8.3,19.4,66.2,8.7,11.6,30.5,34.5,76.8,11.5,28,81.5,11.9,19.9,26.4,3.3,76.1,14.1,"Rapid City, SD"
Santa Fe,NM,67947,64.2,26.6,14.7,6.8,75.7,3.1,61.4,5.4,30.7,27.5,6.1,9.3,13.4,68.7,10,10.8,27,32.8,71.1,11,18.8,82.5,12.4,16.3,27.1,2.9,75.7,10.3,"Santa Fe, NM"
Iowa City,IA,67862,66.8,15.9,24.1,4.2,60.5,1.9,68.3,4,46.1,36.4,3.6,8.3,15.4,70.6,5.4,8.1,19.3,28.3,78.5,12.2,25.3,82.4,7.8,18.8,27.1,1.8,68.5,10.1,"Iowa City, IA"
Mount Pleasant,SC,67843,64.1,23.9,22.2,6.9,82.4,2.3,75.3,4.8,53,42.3,4.9,7.9,13.2,74.2,7.9,8.8,28,35.5,79.1,10.7,24.8,83.9,9.5,16.6,29.5,2.2,76.6,7.4,"Mount Pleasant, SC"
Gulfport,MS,67793,72.4,29.1,12.6,5.8,71.6,3.4,54.4,7.9,33.2,29.8,7.4,9.2,24,55.1,12.6,20,40.8,36.6,73.7,15,39.1,84.2,14.6,30.2,38.2,4.1,77.8,22.6,"Gulfport, MS"
Missouri City,TX,67358,73.3,20.4,16.1,5.3,79.1,2.5,65.4,4.3,34.6,35.1,4.6,8.6,13.8,67.8,11.2,15.7,32.1,35.5,80.2,9.8,32,82.1,9.8,22.1,35.4,2.5,78.3,9,"Missouri City, TX"
Layton,UT,67311,61,19.8,10.1,5.2,67.3,2.3,70.1,4.3,36.5,32.3,4.1,8.7,9.5,74.4,7.6,12,23.1,33,75.4,11.5,28.8,78.8,10.3,18.1,31.4,2.1,68.2,11.1,"Layton, UT"
Mount Vernon,NY,67292,76.3,26.5,15.6,5.8,78.3,3.3,66,6.8,30.6,28.5,6.1,12.4,17.6,60.4,12.9,12.9,35.6,36.9,81.1,12.6,30.5,84.6,13.5,30.3,41.1,3.9,77.1,18.2,"Mount Vernon, NY"
Jonesboro,AR,67263,69.7,25.7,14.4,6.2,70.2,2.8,62.7,7.4,41.7,26.8,6.6,9.4,21.6,58.1,9.8,11.9,33.9,36.2,75.2,15.4,35.2,,13.8,29.3,32.4,3.1,74.8,18,"Jonesboro, AR"
Lafayette,IN,67140,64.1,24.5,16.5,5.9,68.8,2.8,62.8,7.3,33.7,26.3,6.3,10.8,21.9,58.8,9.4,13.9,28.8,36.7,75.9,14.4,32.2,78,12.9,26.4,34.3,3.1,73.9,18.4,"Lafayette, IN"
Manteca,CA,67096,62.2,20.6,19.2,5.5,72.4,2.8,66.2,6.2,36,31.1,5.6,9.3,16,63.8,9.6,13.6,28.4,33.7,80.4,13.6,30,84.7,13,22.9,35.1,2.8,68.4,14.2,"Manteca, CA"
Youngstown,OH,66982,77.6,34.2,12.5,6.6,70.3,4.5,51.8,11.6,23.9,21.8,9.9,11.3,29.5,49.2,18,16.8,43.3,39.6,81.6,16.8,41,84.1,18.9,42,45,6,81.5,29,"Youngstown, OH"
Lauderhill,FL,66887,80.7,24.8,13.7,5.8,75.3,3.8,56.7,8.5,26.1,23.2,7.2,9.9,21.7,50.1,15.4,26.7,39.9,37.1,84.4,15.6,35.3,82.1,16.1,35.5,44.3,5,77.5,22.7,"Lauderhill, FL"
Loveland,CO,66859,61.1,23.7,19,7.2,76.6,2.6,66.9,5.3,40.3,32.1,5.5,8.9,15.7,68,6.5,9.9,24.9,30.6,72.7,10.6,23.4,80.6,11,14,26.7,2.8,71.5,9.9,"Loveland, CO"
Milpitas,CA,66790,64.5,13.1,13.1,4.2,76.3,2,68.2,3.1,33.6,34.1,3.7,6.7,10.1,70.2,8.8,9.2,22.2,30.4,78.5,8.6,16,77.5,8.1,20.3,34.2,1.7,68.3,7.3,"Milpitas, CA"
Missoula,MT,66788,59.5,21.1,24.4,5.6,64.5,2.3,60.5,5.4,41.8,32.4,4.8,9.3,18.5,63.6,6.4,11.4,20.9,30,76,11.8,24.5,82,10.4,16.8,28.1,2.4,71.2,12.3,"Missoula, MT"
Redondo Beach,CA,66748,66.8,16,20.6,5.7,82.9,2,72.2,3.7,35.9,42.8,3.7,7.5,9.9,77,6.5,6.1,22.4,29.7,80.6,9.2,20.1,87,8.2,12.1,32.5,1.8,67.1,4.9,"Redondo Beach, CA"
Kenner,LA,66702,72.4,25.4,17.7,5.9,75,3,62,7.1,29.9,29.6,7,8.6,19.7,58.2,12.1,17.4,36,39.2,80.8,13.2,33.5,83.2,13.1,27.3,38.4,3.4,80.1,15.5,"Kenner, LA"
Warner Robins,GA,66588,75.6,24.4,14.8,5.3,74.5,3,59.4,7.5,32.9,30.8,5.9,9.5,22.6,58.6,11.6,20.1,36.2,34.3,81,14.4,33.6,83.2,13.6,31,39.1,3.5,73.8,20.8,"Warner Robins, GA"
Union City,NJ,66455,73.9,19.7,15.2,4.3,69.2,3.4,44.9,6.2,22,18.7,6.2,8.4,18.4,56.4,11.5,29.1,30.5,34.9,75.5,13.8,34.1,81.3,15.9,42.6,42.3,3,72.6,15.3,"Union City, NJ"
Portland,ME,66194,69.7,25.8,19.5,6.3,76.2,2.4,73,6,43.1,34.7,5.6,11.4,16.5,66.3,7.9,11.6,27.5,35,78.1,12.9,26.3,83,10.7,17.7,31.5,2.7,72.1,11.9,"Portland, ME"
Rock Hill,SC,66154,67.7,25.7,18.1,5.6,73.2,2.9,64.2,6.8,42.6,30.3,5.7,9.9,20.7,57.3,10.9,17.2,34.2,33.5,79.4,15,34.1,83.5,13.4,30.1,40.8,3.3,74.4,16.7,"Rock Hill, SC"
Schenectady,NY,66135,73.1,25.5,18.9,6,72.8,3,64.8,8.3,35.3,26.4,6.7,12.3,23.7,58.8,11,12.9,31.2,35.6,77.5,15.5,31.8,83.9,15,28.6,40.9,3.5,73.2,18.9,"Schenectady, NY"
Cheyenne,WY,59466,64.2,25.9,16.4,6.5,73.8,2.6,61,6.2,35.2,30.3,5.8,8.6,19.7,69.2,8.7,15,29.9,35.3,72.9,11.7,29.2,79.5,11.4,23.7,33.1,2.7,74,13.7,"Cheyenne, WY"
Charleston,WV,51400,80.6,35.2,12.5,7.3,81.1,3.3,70.3,10.3,47.8,39.7,8.9,10.8,21.8,62,13.5,8.8,39.5,37.1,80.7,14.5,37,86.2,15.6,25.3,39.6,3.7,80.7,21.7,"Charleston, WV"
Burlington,VT,42417,62.2,17.6,21.8,4.6,63,2.1,68.8,4.7,39,31.5,4,10.9,15.4,70.5,5.5,8.6,18.8,26,78.2,13.8,21.9,,9.6,15.9,28.6,2,67.5,13.3,"Burlington, VT"
