City,State,Latitude,Longitude,Population,Annual Checkup,Arthritis,Binge Drinking,Cancer (except skin),Cholesterol Screening,Chronic Kidney Disease,Colorectal Cancer Screening,COPD,Core preventive services for older men,Core preventive services for older women,Coronary Heart Disease,Current Asthma,Current Smoking,Dental Visit,Diabetes,Health Insurance,High Blood Pressure,High Cholesterol,Mammography,Mental Health,Obesity,Pap Smear Test,Physical Health,Physical Inactivity,Sleep <7 hours,Stroke,Taking BP Medication,Teeth Loss
Washington,DC,38.958501286,-76.9977710356,1489,85.6,27.1,17.3,7.0,82.7,4.0,68.1,6.9,26.5,24.8,6.9,11.1,17.3,71.3,14.8,9.4,42.2,36.9,82.0,10.7,30.6,87.9,11.7,23.0,40.3,5.2,83.0,18.3
Baltimore,MD,39.3002032067,-76.5928469244,1241,80.6,35.3,10.2,5.9,70.6,5.6,56.4,12.0,23.9,23.7,10.1,15.9,28.2,37.0,22.2,19.3,51.2,41.7,83.9,18.6,45.2,,19.1,42.3,48.5,8.3,82.1,35.8
Baltimore,MD,39.3103186758,-76.7016378101,4101,79.5,25.0,15.6,4.9,76.2,3.1,67.0,6.1,33.1,33.1,5.1,12.8,20.5,56.2,12.6,11.5,38.6,32.5,85.8,13.5,37.8,,11.1,26.9,45.4,3.7,77.1,16.7
Washington,DC,38.9254739149,-77.0439600633,4474,73.7,11.4,31.3,3.8,80.6,1.5,72.9,2.6,37.3,34.0,2.3,8.2,11.5,85.1,4.2,4.2,16.2,24.2,82.2,8.3,18.1,89.0,5.2,9.2,30.5,1.2,64.7,5.2
Baltimore,MD,39.3249389638,-76.6012005226,1964,78.7,25.7,16.4,4.9,76.6,3.0,65.1,6.4,31.8,33.4,5.4,12.7,22.3,55.5,13.2,12.2,39.9,33.9,84.9,13.7,37.6,,11.6,28.3,45.8,3.7,78.2,17.6
Baltimore,MD,39.3644237758,-76.5628240004,2333,77.1,25.1,17.2,5.1,76.6,2.9,64.8,6.5,36.6,34.8,5.5,12.4,22.0,57.1,11.6,11.7,36.4,33.5,84.2,13.8,35.7,,11.5,26.7,43.9,3.4,76.0,15.8
Richmond,VA,37.5120759365,-77.4400540875,2078,78.6,28.7,13.3,5.3,74.8,4.2,57.6,8.7,23.0,27.6,7.7,11.4,25.9,50.9,18.7,21.5,47.8,38.8,84.6,15.2,43.2,84.9,16.5,35.7,45.9,5.8,82.2,27.2
Washington,DC,38.8751274055,-77.0008856064,2794,73.5,11.2,31.7,3.4,75.4,1.7,72.3,2.8,30.6,29.4,2.3,8.5,14.1,80.8,4.7,5.4,18.3,23.1,83.5,9.2,19.9,88.5,5.6,10.8,33.2,1.5,64.8,8.9
Baltimore,MD,39.3279849587,-76.6118803348,2033,70.2,18.3,22.1,4.5,74.8,2.0,69.1,4.4,43.9,40.5,3.8,9.8,15.8,68.1,6.5,7.6,23.3,28.4,83.0,11.2,25.1,,7.7,17.7,35.9,1.9,70.2,9.4
Baltimore,MD,39.3686909137,-76.5542536271,2898,74.9,24.8,19.5,6.3,80.1,2.6,68.9,5.8,44.0,39.8,5.6,10.4,17.8,66.6,9.2,8.6,32.2,33.9,82.4,11.5,29.6,,9.7,21.5,38.0,2.8,76.4,11.4
Washington,DC,38.9058868044,-77.0243932088,2690,72.6,12.4,27.6,3.0,73.1,2.0,61.5,4.2,29.5,27.1,2.8,9.6,19.6,71.9,5.7,9.1,19.0,25.1,81.3,12.0,23.8,87.0,8.2,15.9,36.2,1.9,61.6,14.0
Washington,DC,38.8771309137,-76.987125306,2911,77.4,18.3,22.2,4.0,76.3,2.9,61.6,5.9,24.7,22.6,4.2,11.0,21.6,67.9,9.5,8.6,27.4,29.5,83.0,13.2,29.5,88.2,10.6,19.8,39.5,3.3,71.6,18.1
Baltimore,MD,39.3556337624,-76.682150803,3773,81.7,33.3,13.3,7.4,82.6,4.1,69.3,7.8,34.4,33.4,8.2,12.1,18.6,58.3,17.0,10.4,47.0,39.5,85.2,12.0,37.1,,12.8,29.0,42.4,5.2,84.1,16.6
Alexandria,VA,38.8407594949,-77.0631627995,7165,63.5,14.4,18.9,2.6,63.6,2.3,55.7,4.7,29.7,28.8,3.4,9.0,21.2,50.2,8.0,29.8,23.1,28.0,81.3,14.8,31.2,83.8,12.1,27.5,36.2,2.0,61.6,21.2
Washington,DC,38.9287750097,-76.9989366771,1976,77.6,14.2,25.1,3.6,69.6,2.2,66.1,4.2,31.0,25.9,3.6,10.4,16.1,75.5,7.2,7.3,24.1,27.8,82.3,11.6,22.9,87.2,7.7,15.5,35.3,2.3,71.2,14.2
Washington,DC,38.8660433011,-76.9752566331,3447,84.0,25.5,17.4,5.1,78.1,3.9,60.9,8.1,22.4,21.6,6.3,12.5,25.2,61.7,15.5,10.8,41.4,36.3,82.9,14.2,36.7,87.2,14.0,26.7,45.3,5.2,79.0,24.2
Baltimore,MD,39.3691995135,-76.5912472592,4051,79.4,26.4,15.9,5.2,78.9,3.1,65.7,6.4,34.7,34.2,5.5,12.5,21.5,56.5,13.1,11.4,39.4,33.6,85.3,13.4,38.1,,11.6,27.8,45.6,3.7,78.2,16.1
Baltimore,MD,39.2790306987,-76.5814673629,2870,69.2,15.9,26.4,4.9,79.6,1.6,75.8,3.1,48.9,46.3,3.3,8.6,12.4,76.9,4.7,5.5,20.0,26.5,83.2,8.9,21.1,,5.6,12.8,32.2,1.4,68.6,5.6
Alexandria,VA,38.8079968936,-77.042893431,1992,74.7,25.8,15.9,7.3,85.7,2.7,72.9,5.4,44.6,41.0,5.8,8.5,12.5,73.4,9.3,8.4,32.8,37.2,82.4,9.7,26.1,87.2,10.1,17.3,29.6,2.7,80.1,8.7
Washington,DC,38.965304177,-77.0706092225,3078,78.9,18.1,25.4,6.7,87.1,2.0,75.2,3.6,42.7,37.5,3.9,7.9,9.4,88.1,5.8,3.1,23.0,33.0,80.7,7.1,17.6,88.2,6.1,9.7,28.4,1.8,74.7,4.4
Washington,DC,38.8861967598,-76.9475351599,5187,82.5,27.2,15.7,4.6,71.2,4.7,51.9,10.8,18.4,17.4,7.3,14.6,32.2,49.4,17.4,15.8,43.3,37.8,81.4,18.6,40.6,86.2,18.1,34.1,48.3,6.7,77.6,36.7
Washington,DC,38.8715102905,-76.9799978917,4355,84.3,26.5,17.1,5.5,79.0,4.1,61.3,8.4,23.3,21.8,6.9,12.3,24.5,62.3,16.0,10.7,42.8,37.3,82.4,13.8,36.1,87.3,14.1,26.7,44.7,5.5,80.0,24.2
Baltimore,MD,39.3366686266,-76.6316577105,5192,75.7,28.9,17.7,9.3,83.7,3.1,73.8,5.8,45.8,39.3,7.4,9.2,13.0,72.2,9.2,7.0,33.3,36.1,81.2,9.2,22.6,,8.9,19.9,31.6,3.4,81.7,9.7
Baltimore,MD,39.3369666969,-76.6036978387,4251,80.0,28.7,15.2,5.7,78.0,3.5,66.5,7.2,31.4,32.8,6.4,12.9,22.1,54.6,15.0,12.4,43.8,36.2,85.0,13.6,38.6,,12.5,29.5,45.7,4.4,80.4,18.7
Baltimore,MD,39.2974130857,-76.6305876494,2011,81.5,32.6,12.0,6.1,74.9,4.7,62.1,9.2,27.8,27.8,8.3,14.2,23.9,46.0,19.1,15.1,49.2,39.2,84.4,15.5,42.7,,15.4,35.8,47.5,6.3,82.1,25.8
Washington,DC,38.9207358889,-77.0465415653,3745,74.2,12.8,30.9,4.6,82.4,1.6,74.5,2.8,41.8,36.6,2.7,7.9,10.7,86.6,4.1,3.6,16.8,26.3,80.8,7.8,17.3,89.2,5.2,8.7,29.2,1.3,66.3,4.5
Washington,DC,38.8824160628,-77.0236944203,2324,79.5,16.8,26.1,5.6,83.4,2.1,75.5,3.5,38.7,35.0,3.7,8.7,11.1,85.0,6.8,4.3,25.6,30.4,82.4,7.9,20.3,88.3,6.2,10.9,32.3,2.0,75.7,6.3
Washington,DC,38.9214906954,-77.017720338,4347,79.1,9.9,25.9,2.2,64.5,1.6,64.7,3.4,26.4,24.5,2.1,11.8,16.9,74.1,5.0,8.0,18.1,20.1,83.7,13.0,22.9,86.4,6.7,14.8,38.8,1.6,59.4,15.4
Baltimore,MD,39.3312331847,-76.6023779767,4203,79.2,30.0,14.9,6.3,79.7,3.7,67.1,7.5,32.5,32.3,7.0,12.5,21.0,55.9,15.2,11.8,42.7,36.7,84.5,13.2,36.7,,12.6,29.2,43.5,4.7,81.4,18.3
Baltimore,MD,39.369993708,-76.5664204559,2583,77.9,22.0,16.7,3.7,70.9,2.8,62.2,6.2,29.2,31.9,4.3,14.0,25.4,49.5,11.6,14.8,36.0,29.6,85.1,15.9,39.6,,11.8,29.7,48.7,3.4,72.6,21.7
Alexandria,VA,38.8050559014,-77.0508049902,1679,70.4,16.8,22.7,5.6,83.5,1.7,78.3,2.8,50.0,47.8,3.2,7.1,9.0,81.6,5.1,5.9,22.3,29.2,83.3,7.6,20.4,88.5,6.0,10.6,27.0,1.4,73.2,4.3
Washington,DC,38.9294302133,-77.0346297537,4277,73.3,15.2,25.1,3.6,70.1,2.6,59.7,5.1,26.0,22.5,4.0,9.8,20.2,67.7,8.4,13.5,23.8,29.9,80.0,12.7,25.4,85.4,10.0,20.4,36.4,2.6,68.0,18.4
Baltimore,MD,39.2888746051,-76.5858888931,1724,68.9,16.4,25.4,4.7,78.5,1.7,73.5,3.5,48.0,44.7,3.3,9.0,13.7,74.5,4.9,6.5,20.7,27.0,82.7,9.6,22.7,,6.3,14.3,33.1,1.5,67.5,6.8
Baltimore,MD,39.2994991766,-76.5859396351,1042,78.1,30.4,12.4,4.5,67.9,4.6,53.0,10.5,24.1,23.7,8.0,14.8,31.1,35.4,19.2,19.8,47.4,38.7,84.1,19.1,46.5,,18.0,41.3,50.4,6.5,78.5,34.7
Richmond,VA,37.575195953,-77.420670838,4016,80.8,32.6,11.4,6.2,77.2,5.0,58.7,9.9,22.9,27.1,9.2,12.0,24.6,50.1,21.6,21.0,50.7,40.4,84.4,15.3,43.8,85.1,18.0,37.5,45.6,7.1,84.5,28.6
Richmond,VA,37.5617516123,-77.474045358,1810,64.4,10.4,26.6,2.8,66.8,1.4,68.7,2.9,38.9,41.7,2.2,8.0,14.0,75.3,3.7,9.3,15.6,21.6,84.1,11.0,21.5,83.7,6.1,13.4,31.4,1.1,59.2,8.2
Richmond,VA,37.5457062766,-77.4359920311,2055,67.8,12.6,20.7,2.3,58.6,2.0,60.5,4.4,25.8,28.5,2.9,10.1,20.0,60.6,6.8,15.4,21.6,23.5,86.2,15.4,28.9,81.6,9.3,22.0,38.5,2.0,63.7,19.7
Baltimore,MD,39.2993914631,-76.6555846963,4245,81.7,32.6,13.0,6.0,78.4,4.3,61.8,8.8,27.9,28.0,8.0,13.8,24.5,47.5,18.8,14.4,48.3,37.8,85.2,15.0,42.9,,15.2,35.1,48.4,6.0,82.2,24.8
Washington,DC,38.9102026489,-77.0341232003,6077,72.7,10.6,33.4,3.5,79.5,1.4,72.6,2.6,37.0,34.1,2.3,7.8,12.7,84.4,3.9,4.6,15.8,23.8,81.8,8.3,17.9,88.2,5.1,9.3,31.3,1.2,62.3,6.2
Washington,DC,38.9844966511,-77.0378304126,3957,86.1,23.6,19.0,7.8,90.5,3.0,76.4,4.1,34.8,33.0,5.3,8.8,9.3,85.9,10.7,3.6,37.9,36.5,84.2,6.6,23.7,89.9,7.3,12.8,33.1,3.2,83.5,6.5
Washington,DC,38.9338959682,-77.0108784659,2036,85.5,29.9,15.2,10.5,84.4,4.5,70.4,7.3,34.6,26.0,13.3,7.8,11.3,76.1,13.6,6.9,44.1,42.4,82.2,7.7,21.4,86.3,10.6,19.7,31.0,5.9,85.3,14.1
Richmond,VA,37.4979957346,-77.4768076721,2398,75.4,27.0,13.9,4.8,69.5,4.0,56.4,9.0,23.8,27.7,7.2,12.0,27.2,48.5,16.8,26.1,43.0,38.1,83.3,16.9,41.5,83.5,17.2,36.9,45.1,5.3,79.5,29.6
Baltimore,MD,39.2655116631,-76.5868397895,2699,69.1,17.0,26.8,5.1,80.0,1.6,74.7,3.5,49.3,46.8,3.3,8.9,13.6,76.8,4.7,5.6,20.4,27.4,83.0,9.3,21.3,,6.1,13.2,32.2,1.4,68.6,6.0
Baltimore,MD,39.2307356553,-76.601525886,4930,72.0,25.9,16.8,4.6,67.1,3.3,54.9,9.1,32.1,29.7,6.4,13.5,29.9,43.9,11.9,17.6,35.2,35.0,80.9,18.5,38.0,,15.1,34.2,45.2,4.0,72.6,25.9
Baltimore,MD,39.2758586636,-76.6105164594,2141,67.4,13.8,28.1,4.1,76.0,1.4,74.5,2.8,50.3,46.0,2.6,8.8,12.6,76.3,3.9,5.3,17.5,23.9,83.5,9.3,20.7,,5.2,12.1,32.1,1.2,63.9,5.7
Baltimore,MD,39.2878237107,-76.6917625984,2267,81.4,31.1,13.5,6.1,77.8,3.9,64.9,8.1,31.4,30.9,7.4,13.4,23.2,50.7,16.7,13.7,46.4,37.5,84.7,14.2,40.4,,13.8,33.1,46.8,5.2,81.8,21.9
Richmond,VA,37.5105142891,-77.4653396612,5148,78.2,28.7,13.2,5.6,73.7,4.3,58.5,8.8,24.1,27.0,7.8,11.7,24.8,52.3,17.8,20.5,45.5,38.3,84.5,15.7,41.1,84.1,16.4,34.7,44.6,5.8,81.9,27.0
Baltimore,MD,39.3070300588,-76.6550670324,2478,80.8,30.8,13.4,5.4,75.8,4.1,60.8,8.6,26.8,27.4,7.5,14.0,25.8,45.6,17.8,15.9,46.9,37.2,84.8,15.6,42.5,,15.0,35.8,48.5,5.7,80.9,26.0
Baltimore,MD,39.3077439774,-76.6256565781,4974,73.8,21.6,19.6,5.4,74.2,2.6,72.1,5.0,38.8,36.2,5.3,10.8,14.9,67.8,9.4,8.1,29.5,31.5,83.8,11.5,25.3,,8.4,19.8,35.8,2.9,78.6,12.2
Alexandria,VA,38.8200589328,-77.1168077443,4222,72.7,20.2,18.0,5.3,79.7,2.3,70.2,4.5,42.7,38.7,4.4,8.2,14.6,68.7,8.3,13.6,28.5,31.8,82.3,10.3,26.7,85.4,9.4,19.5,33.3,2.2,75.2,11.1
Baltimore,MD,39.3652544146,-76.5385129832,4420,74.9,26.4,19.9,6.7,81.8,2.6,69.3,6.4,44.0,40.1,6.1,10.6,19.5,65.9,9.5,9.0,32.3,34.4,81.6,11.9,29.6,,10.3,22.7,38.4,2.9,76.9,12.1
Richmond,VA,37.5486024512,-77.4666921411,3724,65.0,11.2,25.0,2.7,62.0,1.6,65.7,3.5,34.4,36.8,2.6,8.7,16.6,70.2,4.7,11.9,17.7,22.7,84.2,12.7,23.2,81.4,7.2,16.6,33.4,1.4,61.7,13.0
Washington,DC,38.8358693482,-77.0040831938,2758,83.0,26.4,16.4,4.5,73.5,4.4,54.6,9.9,19.1,18.7,6.9,13.8,31.2,52.3,17.1,13.9,42.8,37.2,82.4,17.4,40.6,86.7,16.8,31.9,48.2,6.1,77.6,31.9
Washington,DC,38.8292134165,-77.0117531092,3072,84.2,24.6,18.6,5.2,77.8,3.7,64.4,7.4,24.4,23.8,6.1,12.1,23.5,65.1,14.6,10.4,42.9,37.3,82.5,13.1,35.0,87.4,12.8,24.6,44.5,4.8,79.4,21.4
Baltimore,MD,39.3000683365,-76.5528511855,1996,68.0,23.3,17.6,4.0,64.0,3.2,53.7,8.6,31.4,30.0,6.1,12.3,29.3,40.7,11.8,25.0,32.9,35.4,79.3,17.9,36.6,,15.2,36.3,43.9,3.7,70.2,27.7
Baltimore,MD,39.3365315414,-76.6165316053,4790,73.4,23.0,17.9,6.7,79.0,2.5,73.6,4.7,45.9,41.5,5.6,8.9,11.9,71.6,7.9,6.3,27.4,33.3,82.1,9.2,21.7,,7.6,17.7,33.0,2.4,78.1,8.0
Baltimore,MD,39.3515529167,-76.6693332738,5648,82.7,33.5,13.2,7.1,80.4,4.2,67.3,8.3,31.9,31.8,8.5,12.8,21.2,53.3,18.2,13.1,49.9,39.7,84.5,12.8,39.2,,13.7,32.7,45.4,5.7,84.1,20.3
Washington,DC,38.8779399447,-76.9353606595,3867,84.9,27.9,16.0,6.0,78.2,4.5,60.9,8.6,22.1,19.9,7.6,12.2,23.7,60.9,16.9,11.0,44.4,37.8,82.7,13.7,36.2,87.6,14.4,28.3,44.4,6.3,81.2,26.3
Richmond,VA,37.5524109384,-77.4349361146,2895,77.6,30.8,9.6,4.4,63.3,5.5,48.3,12.8,16.9,19.6,9.2,15.1,34.6,33.5,22.1,29.8,48.0,39.8,84.2,23.0,49.7,83.0,23.0,47.1,50.1,8.3,79.8,45.6
Baltimore,MD,39.284096976,-76.6482121328,1836,74.2,30.4,13.7,4.5,66.2,4.2,49.6,11.8,26.5,25.3,7.9,15.5,35.7,34.1,16.9,20.8,42.9,38.6,81.4,21.5,43.8,,19.3,42.1,49.5,5.9,75.8,36.0
Alexandria,VA,38.8077581153,-77.131138421,6744,69.7,14.5,20.0,3.4,75.0,1.8,68.6,3.4,40.0,39.5,2.7,8.5,15.4,66.6,6.3,13.6,23.1,25.8,83.2,11.0,26.9,86.2,8.1,17.8,35.2,1.6,67.0,10.1
Baltimore,MD,39.3505006659,-76.6535300079,985,82.9,34.7,12.2,8.1,86.2,4.3,71.4,7.4,34.1,33.8,8.2,11.7,16.5,60.9,17.8,9.6,48.4,39.5,85.3,10.8,35.9,,12.2,28.6,41.5,5.4,86.1,15.5
Washington,DC,38.9670714952,-77.0397349624,3514,81.0,20.9,20.2,4.8,78.7,3.2,63.9,6.1,25.6,23.1,5.1,11.0,20.2,68.5,11.7,11.2,33.9,33.1,82.2,12.1,31.1,87.7,11.3,22.0,41.1,3.8,76.0,18.9
Baltimore,MD,39.257933256,-76.5481498055,4795,72.0,30.1,16.9,6.6,73.7,3.6,60.1,9.7,35.4,31.8,8.5,11.8,25.0,50.9,12.7,16.2,36.0,39.0,79.4,15.7,33.2,,14.9,32.2,39.9,4.4,77.3,22.2
Baltimore,MD,39.3181228334,-76.6237362181,2476,70.1,19.4,21.6,4.5,70.9,2.2,66.6,5.3,41.6,39.0,4.4,10.5,20.1,61.9,7.5,10.3,27.4,31.1,81.7,12.8,27.2,,9.1,21.6,38.6,2.3,70.4,12.9
Baltimore,MD,39.3649518845,-76.6615577408,4183,75.0,24.4,19.6,7.3,86.1,2.3,75.5,4.4,48.9,44.2,5.1,9.2,11.5,77.3,7.5,4.7,29.0,34.1,84.0,8.7,23.7,,7.4,15.3,32.3,2.2,78.0,6.1
Richmond,VA,37.5554012561,-77.507831944,2378,77.4,25.5,17.6,9.2,90.9,2.4,77.6,4.2,46.6,49.7,5.7,7.2,8.2,86.6,8.0,4.4,31.2,37.9,83.5,6.9,21.8,86.9,7.4,13.0,26.7,2.2,82.7,4.2
Richmond,VA,37.5418550226,-77.4828683919,1440,76.3,25.2,17.4,6.7,82.8,3.1,71.8,5.4,33.1,36.9,6.0,8.7,14.6,73.6,12.1,9.8,36.6,35.6,85.0,10.0,30.2,85.8,10.2,20.4,35.2,3.4,82.4,10.8
Washington,DC,38.9102340252,-76.9812278031,2412,83.3,23.4,18.8,4.8,78.1,3.6,61.4,7.2,23.4,22.0,5.7,12.1,23.1,65.3,14.0,10.1,39.8,35.6,83.5,13.5,35.0,87.9,12.9,23.9,44.0,4.6,78.0,21.7
Richmond,VA,37.5099923484,-77.5170857854,5325,75.8,23.8,14.6,5.0,71.3,3.5,60.1,7.2,28.2,28.6,6.1,11.0,22.8,55.0,13.1,19.9,36.6,32.9,84.5,15.2,37.5,84.5,13.9,31.1,42.8,4.3,77.0,23.2
Baltimore,MD,39.283302628,-76.5656489594,2652,68.4,16.9,25.7,4.9,75.2,1.7,73.9,3.8,48.1,43.7,3.5,9.2,14.8,72.8,5.0,7.3,21.7,27.8,82.2,10.2,22.3,,6.6,15.1,33.3,1.6,67.8,8.0
Baltimore,MD,39.3516274348,-76.6998416336,3226,80.4,31.0,13.4,5.7,76.5,4.1,62.9,8.5,29.3,29.5,7.4,13.6,24.2,48.1,17.5,14.4,46.7,37.8,85.0,15.0,42.1,,14.6,33.9,47.5,5.4,81.1,23.3
Richmond,VA,37.5329098815,-77.3979245423,2619,79.3,30.3,12.7,5.8,77.2,4.5,59.9,8.9,22.8,27.0,8.2,11.5,24.3,52.3,19.6,19.9,47.7,38.6,84.7,15.0,42.3,85.1,16.8,35.2,44.9,6.3,83.5,27.3
Richmond,VA,37.563467076,-77.4180218451,2957,79.6,30.3,12.4,5.5,74.2,4.5,58.5,9.2,22.6,26.9,8.2,11.7,25.7,50.1,20.1,20.9,49.8,40.2,84.9,15.6,44.2,84.8,17.2,36.6,46.2,6.3,83.2,28.3
Washington,DC,38.9295439603,-77.076667174,4620,78.7,19.9,23.8,7.4,84.5,2.4,74.9,4.1,40.9,35.2,4.7,8.1,10.0,86.1,6.3,3.8,24.2,33.2,79.8,7.7,17.4,87.8,6.6,11.1,28.1,2.2,77.1,5.8
Alexandria,VA,38.8076623401,-77.100919619,4490,72.7,22.0,16.3,5.6,78.9,2.6,67.4,5.1,39.3,35.9,5.1,8.4,15.4,65.5,9.9,14.6,31.6,34.2,82.1,10.8,27.7,85.1,10.6,21.8,33.9,2.7,76.8,13.2
Baltimore,MD,39.3122916133,-76.6305710712,2775,77.8,25.4,15.2,4.4,74.4,3.3,61.7,7.0,31.7,30.7,5.7,13.3,23.5,50.6,13.7,12.9,39.2,33.3,86.1,15.2,40.3,,12.8,29.4,46.4,4.1,76.4,19.7
Washington,DC,38.8266497689,-76.9984610365,4365,82.3,22.6,17.9,4.0,70.5,3.7,55.8,8.3,19.8,19.9,5.4,13.6,29.9,55.1,13.8,13.2,38.3,33.8,81.9,17.0,38.4,86.6,14.7,29.1,47.8,4.9,74.2,30.2
Baltimore,MD,39.2510536348,-76.6407476087,4689,73.8,24.2,17.6,4.6,71.0,3.0,61.4,7.1,33.5,33.4,5.7,12.3,24.9,50.2,11.9,17.1,35.8,34.4,82.2,15.1,36.1,,12.6,30.8,44.5,3.5,74.4,20.6
Washington,DC,38.8843187043,-76.9250526037,2795,83.4,24.2,18.2,4.8,76.2,3.7,59.9,8.0,21.8,21.1,5.9,12.9,26.5,60.7,14.5,11.8,40.1,35.3,82.2,14.8,35.9,86.7,13.9,27.2,45.8,5.0,77.9,26.0
Alexandria,VA,38.8382384687,-77.1138005033,3176,74.8,25.7,15.3,8.2,79.0,3.1,68.1,5.4,42.6,34.0,6.8,7.9,12.8,68.3,9.2,13.9,34.8,35.8,82.3,9.7,23.9,85.3,10.4,21.7,31.2,3.4,80.3,12.9
Washington,DC,38.8773707663,-76.9678810881,2007,84.7,28.1,16.3,5.7,78.7,4.3,60.8,9.0,21.5,20.6,7.5,12.5,25.3,61.0,17.2,11.2,45.9,39.5,82.6,14.1,37.1,86.9,15.0,28.2,45.0,6.0,81.2,25.4
Richmond,VA,37.5939551657,-77.4433431456,1266,80.9,32.8,10.9,6.0,75.7,5.1,59.0,10.2,22.0,25.7,9.0,12.5,25.2,48.1,21.8,21.6,49.2,39.7,85.2,16.3,44.5,84.1,18.5,38.9,46.0,7.2,84.2,30.3
Richmond,VA,37.5903157595,-77.4660882526,3988,79.0,31.0,14.6,10.4,86.1,3.6,71.4,6.3,38.3,37.7,8.2,8.0,12.0,76.8,11.2,9.1,39.1,38.9,83.3,8.8,24.8,85.6,10.8,21.7,30.9,4.0,85.0,10.3
Washington,DC,38.928876607,-77.0299411371,3398,75.1,13.6,26.6,3.5,73.3,2.1,66.4,3.9,27.7,25.8,3.0,9.6,16.3,75.6,6.6,7.4,22.2,26.5,83.7,10.9,23.6,87.6,7.5,14.6,35.4,2.1,68.2,12.4
Washington,DC,38.9557853796,-77.0142358815,4648,83.5,21.4,20.7,5.7,82.4,3.0,69.6,5.0,28.5,26.9,5.0,10.1,15.3,76.6,11.3,7.7,36.8,34.3,83.6,9.5,27.9,88.8,9.2,17.8,38.3,3.6,79.8,13.4
Washington,DC,38.9593416105,-77.0359287407,2340,80.0,21.4,21.2,5.3,80.4,3.1,65.2,6.2,28.8,25.7,5.5,10.3,18.5,72.1,11.4,10.4,32.7,35.0,81.2,11.3,28.2,86.5,11.0,20.3,37.9,3.6,77.1,16.1
Baltimore,MD,39.2847466588,-76.6755998673,1426,81.1,35.2,11.9,6.2,75.6,5.0,57.8,10.9,26.1,26.4,9.3,15.1,28.0,40.8,21.0,17.7,50.2,40.1,84.0,17.2,44.5,,17.9,40.2,49.2,7.2,82.4,31.1
Alexandria,VA,38.8246145717,-77.0448145724,5606,73.1,20.4,19.1,6.4,85.8,2.1,77.2,3.5,46.2,43.5,4.0,7.6,9.7,79.6,6.9,6.4,26.8,32.0,83.6,8.0,22.4,88.2,7.2,12.9,28.2,1.9,77.6,5.7
Alexandria,VA,38.8327237242,-77.0634792242,3049,69.9,14.8,22.2,4.5,80.9,1.6,75.3,2.6,47.7,44.1,2.7,7.2,9.7,79.5,5.1,7.5,21.5,27.3,84.5,8.0,21.6,88.3,6.0,11.7,28.9,1.3,70.3,5.0
Baltimore,MD,39.3378525848,-76.6661876644,4546,79.8,32.7,12.0,5.2,71.1,4.8,56.1,10.8,24.4,24.6,8.7,15.2,30.2,37.1,20.4,19.0,49.4,39.4,84.8,18.4,46.4,,18.0,41.1,50.3,7.0,80.5,33.9
Alexandria,VA,38.8027737147,-77.1237845659,1364,67.4,11.3,23.9,3.1,77.8,1.3,72.1,2.3,41.1,42.2,1.9,7.5,11.9,75.6,4.2,8.8,17.9,22.8,84.4,9.0,21.8,87.3,5.8,12.1,31.6,1.0,62.2,5.5
Washington,DC,38.9013311276,-76.9534288384,3280,82.4,25.0,16.2,4.3,68.9,4.2,53.4,9.8,19.2,18.1,6.1,14.6,31.5,50.8,15.5,14.7,40.4,35.8,81.8,18.6,39.7,86.3,16.6,32.5,48.2,5.8,75.7,35.3
Baltimore,MD,39.2764467748,-76.6267099758,2130,72.3,22.1,18.6,4.2,72.3,2.8,61.5,6.4,35.3,32.4,4.9,11.9,23.8,52.9,10.3,12.4,32.1,31.0,83.9,14.9,34.9,,11.4,26.6,42.9,3.2,72.4,18.9
Baltimore,MD,39.3123658698,-76.6406786886,2269,80.3,31.3,12.6,5.3,75.2,4.3,59.9,9.2,26.6,26.5,7.8,14.3,26.4,44.0,18.6,15.9,47.8,38.0,85.0,16.2,44.1,,15.8,36.2,48.5,6.0,80.8,27.2
Washington,DC,38.913887782,-77.0111866884,2134,77.8,13.3,28.1,3.7,78.3,1.9,70.9,3.1,30.8,28.5,2.7,9.2,13.4,81.3,6.2,5.3,23.4,26.0,85.4,9.0,22.9,88.9,6.3,11.7,35.2,1.9,70.1,9.1
Alexandria,VA,38.8136652847,-77.0649037383,3602,73.8,21.8,19.4,7.3,87.3,2.1,77.8,3.6,48.8,43.9,4.5,7.3,9.5,81.6,6.7,5.9,27.6,33.4,82.9,7.7,21.0,87.6,7.3,12.7,26.8,1.9,78.8,5.6
Washington,DC,38.9056038461,-76.932687989,2347,83.8,27.0,17.0,5.2,76.9,4.3,58.0,9.2,20.7,20.3,7.3,12.5,27.6,57.4,17.2,12.5,44.4,38.5,81.6,14.9,38.3,86.5,15.5,29.9,46.2,6.1,79.9,28.6
Alexandria,VA,38.815429607,-77.1260881863,4720,73.9,22.9,16.0,6.0,78.7,2.8,70.1,5.2,39.7,36.2,5.2,8.9,15.0,65.8,9.9,13.8,32.7,34.3,81.1,10.9,26.9,85.6,10.4,21.5,33.6,2.8,78.0,12.3
Baltimore,MD,39.262587307,-76.635226275,2430,79.3,30.2,13.9,5.4,73.7,4.0,60.6,8.9,29.1,29.0,7.1,14.3,26.6,45.7,16.7,15.5,44.6,37.1,83.9,16.5,42.1,,15.1,35.1,48.1,5.3,79.4,25.3
Baltimore,MD,39.3462013405,-76.5467852612,5412,77.9,26.8,16.8,5.9,79.1,3.0,66.0,6.7,38.5,34.9,6.0,12.0,21.2,58.8,11.7,11.1,37.3,34.1,83.5,13.1,34.8,,11.5,26.8,43.0,3.6,77.7,16.1
Baltimore,MD,39.3141637255,-76.5938519644,1704,80.7,33.8,11.9,5.6,73.6,5.0,56.6,10.5,25.8,24.0,9.0,14.5,28.5,38.9,21.0,17.4,50.9,39.8,85.3,17.2,46.3,,17.7,40.4,50.0,7.2,81.8,32.6
Washington,DC,38.9204186155,-77.0114616349,3198,79.0,12.9,28.4,3.8,80.1,1.8,73.4,2.9,31.6,30.4,2.6,9.1,12.5,83.0,5.9,4.9,22.5,25.0,85.0,8.5,21.9,88.7,5.8,10.9,34.9,1.7,70.4,7.9
Baltimore,MD,39.2985753642,-76.6444050243,1558,82.4,40.1,10.1,7.6,74.8,6.3,58.9,13.0,24.7,23.4,12.9,15.1,27.7,36.4,24.9,20.3,57.0,44.6,82.0,16.9,44.4,,20.0,45.3,48.3,9.8,85.2,37.4
Baltimore,MD,39.3183462617,-76.6685188136,1696,82.1,32.4,12.6,6.4,80.0,4.4,63.5,8.2,29.0,27.9,8.2,13.1,21.8,50.1,18.2,13.4,46.9,36.6,85.4,13.8,41.0,,14.2,33.8,46.7,6.1,82.7,23.3
Washington,DC,38.9216314788,-77.0391808111,4614,73.7,12.4,30.1,3.8,78.2,1.8,69.7,3.3,33.4,30.8,2.8,8.5,14.3,81.1,5.2,6.3,18.9,26.2,81.8,9.3,20.0,87.9,6.4,11.7,32.6,1.6,65.8,8.3
Washington,DC,38.9104297286,-76.9913365682,2037,74.6,15.3,22.7,2.6,58.5,2.8,51.5,6.8,18.5,18.5,4.2,12.3,27.6,56.6,9.7,13.0,26.5,29.0,82.3,18.0,30.5,83.2,12.2,24.6,41.5,3.4,67.7,29.5
Alexandria,VA,38.8341143836,-77.0559966466,2844,70.6,19.0,19.1,4.5,77.0,2.3,68.9,4.5,35.6,35.1,4.0,8.8,16.8,65.6,8.8,15.5,29.0,31.1,83.9,11.3,28.4,86.1,10.0,20.3,34.3,2.4,74.0,13.6
Washington,DC,38.8753463575,-76.9553331484,2249,87.7,27.0,16.8,7.6,88.0,3.7,73.5,5.8,30.4,29.5,6.5,10.3,13.5,79.0,14.1,5.7,44.6,38.1,83.9,8.6,29.0,89.3,9.8,18.0,38.2,4.4,84.6,11.7
Washington,DC,38.8986055682,-76.9910793891,2149,77.9,17.0,26.6,5.3,80.6,2.3,73.3,3.8,32.3,28.9,3.7,9.1,13.3,81.9,7.3,5.0,26.3,29.6,82.5,8.9,21.4,88.0,6.9,12.7,32.9,2.4,75.9,9.5
Baltimore,MD,39.3631713534,-76.6203783706,6103,75.7,24.8,19.8,7.4,86.7,2.3,75.2,4.5,48.5,45.7,5.1,9.1,11.3,78.3,7.9,4.6,29.6,34.9,83.7,8.5,24.0,,7.4,15.2,32.1,2.2,78.7,5.8
Washington,DC,38.9418249919,-77.0029267109,5797,75.8,16.0,24.8,3.4,63.2,2.6,60.1,5.9,24.7,21.4,4.1,11.5,22.5,66.2,8.9,11.3,26.4,29.6,82.5,15.0,26.4,83.9,10.3,21.2,38.6,3.1,71.8,23.2
Washington,DC,38.9761415355,-77.0272135707,3187,80.2,21.8,21.5,5.3,78.6,3.3,65.0,6.1,26.7,24.2,5.5,10.3,18.6,71.1,11.9,9.2,34.9,34.9,82.9,11.3,28.9,87.6,10.8,20.2,38.5,3.9,78.1,17.0
Baltimore,MD,39.3303770464,-76.6723439253,6572,83.0,32.3,13.2,6.8,80.2,4.1,68.1,7.6,31.6,31.1,7.8,12.8,19.9,55.2,17.6,12.0,49.6,38.8,85.6,12.6,39.2,,13.0,31.0,45.5,5.4,83.8,19.2
Washington,DC,38.923413086,-76.9987667506,2557,82.2,27.0,17.0,5.5,74.7,4.4,58.9,9.3,21.0,19.9,7.5,12.7,25.8,58.3,16.6,13.7,42.7,38.9,81.5,15.0,35.6,86.4,15.4,29.4,43.8,6.1,80.1,28.8
Alexandria,VA,38.8272323814,-77.0986800903,3571,70.9,16.2,21.3,4.8,80.5,1.7,75.5,3.1,47.3,44.6,3.0,7.8,11.4,76.9,5.5,8.4,22.3,27.7,82.6,9.0,22.3,87.3,6.8,13.3,30.2,1.5,71.4,6.5
Washington,DC,38.9061877176,-77.0696162292,5425,73.7,12.2,30.8,3.9,69.9,1.6,72.1,3.5,38.8,34.2,2.9,8.8,12.2,84.0,4.1,4.5,15.8,25.4,79.3,10.0,15.6,82.4,5.7,10.1,29.0,1.4,67.1,7.4
Baltimore,MD,39.3180396778,-76.6935665461,2282,81.2,27.8,14.4,5.6,77.7,3.5,66.8,6.7,32.7,32.8,6.3,12.9,20.7,55.0,14.8,12.0,43.4,35.1,85.3,13.3,38.8,,12.0,29.1,45.9,4.4,80.3,18.7
Baltimore,MD,39.2829927456,-76.6142755894,4025,72.3,22.6,21.0,6.5,78.0,2.4,73.5,4.9,44.3,40.8,5.2,9.5,14.1,70.8,7.9,7.1,28.9,33.1,82.9,10.0,23.9,,7.9,17.6,33.6,2.5,76.7,8.9
Richmond,VA,37.5204035996,-77.3947374292,1567,74.0,24.5,14.3,4.1,67.8,3.7,53.3,8.9,24.8,26.9,6.2,12.7,29.5,47.0,14.5,22.8,37.4,33.9,83.6,19.0,41.8,83.3,16.9,35.2,45.9,4.7,75.2,28.8
Washington,DC,38.9307337568,-76.9863910021,3143,81.6,20.6,22.5,5.8,82.4,2.8,70.4,5.0,30.2,28.1,4.8,9.9,15.1,78.6,10.0,6.3,32.5,33.4,83.0,9.6,25.2,87.5,8.8,16.1,36.0,3.2,78.7,11.9
Washington,DC,38.9072747639,-77.0293193313,6021,72.7,11.8,30.3,3.3,73.4,1.8,67.8,3.4,30.3,29.5,2.7,8.5,15.7,78.1,5.4,7.7,19.5,26.2,82.4,9.9,21.3,87.1,6.7,13.1,33.6,1.6,64.6,10.2
Washington,DC,38.9026943635,-77.0318452229,2621,74.1,12.6,28.8,4.3,78.5,1.8,70.0,3.0,35.9,28.7,3.0,7.7,12.5,82.1,4.9,5.4,18.3,25.4,81.0,8.4,17.5,86.4,5.7,11.3,31.7,1.7,68.0,8.1
Baltimore,MD,39.295098811,-76.5909206602,1183,78.9,29.0,15.2,6.6,76.7,3.6,69.4,6.8,33.8,33.8,6.8,11.8,18.5,59.3,14.4,11.2,45.4,39.4,84.8,11.9,33.7,,11.4,27.1,41.5,4.4,82.3,16.5
Baltimore,MD,39.3011752025,-76.6257102129,3145,78.7,34.0,11.5,5.2,69.3,5.2,53.3,12.1,23.6,22.4,9.4,15.8,31.8,34.6,21.4,19.7,49.8,40.8,84.7,20.0,46.7,,19.7,43.2,50.1,7.7,81.0,36.9
Richmond,VA,37.519347418,-77.4072825594,1432,77.3,26.2,14.1,4.9,74.7,3.7,61.5,7.7,24.2,29.3,6.1,11.7,23.9,55.8,15.5,18.3,41.1,35.4,85.1,15.4,40.4,84.9,14.9,31.4,44.2,4.7,80.1,22.6
Baltimore,MD,39.2740126516,-76.6134846708,2172,66.5,12.6,29.5,3.8,73.5,1.3,74.2,2.8,49.2,46.3,2.4,8.9,13.6,75.6,3.5,6.1,16.4,22.7,82.6,9.7,20.1,,5.2,12.2,32.1,1.1,61.3,6.5
Baltimore,MD,39.2672675468,-76.6478040104,2324,70.8,30.3,17.3,6.2,72.6,3.5,57.4,10.7,34.9,31.3,8.3,12.7,29.4,47.8,12.5,15.2,35.3,38.8,78.6,17.5,33.8,,15.9,33.4,41.3,4.5,75.9,24.7
Baltimore,MD,39.3629035718,-76.6385987483,2791,75.8,23.9,19.6,7.5,87.5,2.2,77.6,4.0,51.0,48.1,5.0,8.5,9.8,80.1,7.3,4.1,28.1,34.5,83.4,7.6,21.8,,6.7,13.9,31.5,2.0,78.7,4.6
Washington,DC,38.8827717965,-76.9388145143,2836,83.1,25.1,16.2,4.5,71.9,4.2,54.7,9.2,19.5,18.1,6.4,14.0,29.3,54.1,15.5,13.6,41.0,35.8,82.4,17.2,38.9,87.3,16.0,30.8,47.4,5.8,76.7,32.5
Alexandria,VA,38.8364282407,-77.0724624991,2871,72.7,21.9,18.7,6.6,87.2,2.2,75.1,4.2,47.5,44.3,4.6,7.6,11.4,77.6,7.2,7.8,26.2,32.9,82.2,8.6,23.5,87.1,8.3,14.7,28.6,2.0,76.6,7.0
Washington,DC,38.9411658189,-77.0561258835,6857,75.6,14.7,28.2,5.4,82.0,1.8,74.9,3.1,40.9,34.8,3.2,8.1,10.6,86.3,4.7,3.7,18.8,27.8,80.5,7.9,16.7,87.9,5.5,9.6,29.2,1.5,70.8,5.1
Richmond,VA,37.5776418577,-77.5294775622,5439,67.7,11.7,27.0,3.6,66.9,1.3,74.5,3.1,42.2,44.8,2.7,8.4,12.1,81.0,3.8,8.5,15.3,22.4,82.0,10.9,17.9,80.4,5.8,12.6,29.6,1.1,66.5,7.5
Baltimore,MD,39.3155261467,-76.6036966029,3073,80.3,33.5,12.0,5.5,73.1,4.9,55.8,10.6,25.0,24.6,8.9,14.9,29.1,38.6,20.6,17.9,49.8,39.4,84.6,17.8,45.8,,17.9,40.5,50.1,7.1,81.2,33.1
Baltimore,MD,39.3207808211,-76.6587906404,1543,82.3,35.3,11.7,6.8,77.7,5.0,61.5,9.7,27.2,26.2,9.3,13.7,23.9,45.3,20.6,15.0,51.8,40.2,84.7,14.9,43.1,,16.2,37.3,47.5,7.1,83.7,26.9
Baltimore,MD,39.3057013244,-76.5820327098,2084,81.2,31.7,13.1,5.8,75.3,4.3,61.9,8.8,27.6,28.0,8.1,13.8,25.4,45.9,18.6,15.3,49.2,38.8,84.6,15.3,42.8,,15.1,35.9,48.7,6.0,81.8,26.3
Baltimore,MD,39.3128158716,-76.6678750764,2359,82.6,32.1,12.9,6.4,80.2,4.2,65.2,7.8,30.1,29.7,7.8,13.0,21.2,52.4,17.8,12.6,47.9,37.4,85.8,13.3,40.3,,13.5,32.5,46.3,5.6,83.1,21.4
Baltimore,MD,39.2908745185,-76.6588420578,2969,81.4,34.6,12.2,6.2,74.9,4.9,59.8,10.3,25.6,25.5,9.7,14.2,26.9,41.7,21.0,17.0,51.7,40.7,84.1,16.2,44.0,,17.0,39.4,48.9,7.2,82.8,30.6
Alexandria,VA,38.8235664971,-77.0544032467,3105,70.8,16.6,21.9,5.2,84.0,1.7,76.9,2.8,44.5,43.3,3.0,7.5,10.0,80.2,5.5,6.5,23.0,28.2,84.2,8.1,22.3,88.8,6.4,11.7,28.7,1.5,72.8,5.6
Washington,DC,38.9241066882,-77.0778120531,3364,72.8,12.2,30.4,4.0,78.2,1.6,71.8,3.3,38.2,33.0,2.5,8.8,14.2,82.2,4.0,5.2,15.0,23.6,80.2,9.9,18.0,87.2,6.0,10.9,31.2,1.3,63.1,7.2
Baltimore,MD,39.3637083346,-76.7064927814,4367,76.8,28.8,15.5,6.4,77.0,3.5,66.1,7.4,35.8,33.3,7.1,11.4,19.4,56.9,13.7,12.7,39.7,37.5,83.7,12.8,34.3,,12.3,28.5,41.0,4.3,80.2,17.3
Baltimore,MD,39.2873081827,-76.6329976781,1909,73.7,22.4,17.9,4.1,74.1,2.8,61.3,6.4,33.3,32.2,5.1,12.1,24.0,52.6,11.0,12.9,32.9,30.9,85.1,14.6,36.3,,11.6,27.3,44.0,3.3,72.9,18.5
Baltimore,MD,39.263276846,-76.6034159459,2571,68.0,14.9,28.2,4.6,76.0,1.4,76.2,3.1,51.2,48.3,2.8,8.8,13.2,77.1,4.0,5.6,19.2,25.7,81.7,9.2,20.2,,5.4,12.4,32.0,1.2,65.8,5.9
Washington,DC,38.9168035115,-77.0341509587,3255,75.2,13.2,29.1,4.2,78.8,1.9,72.3,3.0,32.7,30.0,2.9,8.3,12.4,82.7,5.7,5.2,21.0,26.7,83.0,8.5,20.0,88.8,5.9,11.1,32.1,1.8,69.9,8.1
Washington,DC,38.9041360314,-77.0136463819,3986,79.4,21.2,18.4,4.6,73.3,3.6,58.0,7.0,22.8,20.4,5.7,11.5,23.2,61.8,12.6,11.2,33.6,34.1,80.5,14.0,29.2,85.5,12.3,25.2,41.7,4.4,76.1,23.2
Baltimore,MD,39.288635775,-76.5920299436,2087,68.7,14.5,24.0,3.8,73.1,1.7,70.2,3.2,44.3,40.7,3.0,8.8,13.4,69.7,5.7,9.7,21.7,26.5,83.3,9.8,24.6,,6.5,16.5,35.0,1.5,66.1,8.4
Washington,DC,38.9344557666,-77.0416616176,5233,74.9,15.3,26.6,4.3,77.4,2.3,67.7,4.3,30.5,26.1,3.7,9.0,16.2,76.5,7.1,8.0,22.8,28.6,81.5,10.3,22.8,87.4,8.0,15.1,34.3,2.3,70.4,12.2
Washington,DC,38.9301828499,-77.0418207603,5226,73.3,13.8,28.9,3.9,77.0,2.0,66.9,4.0,31.3,28.1,3.2,8.7,16.4,77.8,6.1,7.8,19.8,27.7,80.9,10.3,21.4,87.0,7.5,14.1,33.0,1.8,66.8,10.7
Washington,DC,38.857466985,-76.9850581951,2587,83.0,22.3,18.8,4.4,75.0,3.5,60.3,7.2,22.5,21.8,5.3,12.6,25.8,62.0,13.2,11.3,39.3,34.3,82.7,14.5,36.0,87.9,13.0,25.5,45.8,4.5,76.1,24.4
Richmond,VA,37.5269899817,-77.4120283973,1410,71.4,19.5,20.7,4.8,78.9,2.3,69.0,4.9,35.0,38.6,4.4,8.9,17.2,71.5,8.9,10.9,27.7,30.3,84.7,11.4,29.1,85.1,9.5,19.3,35.7,2.5,76.0,11.5
Baltimore,MD,39.2887712175,-76.5887715623,1884,68.1,15.6,25.2,4.3,75.5,1.7,71.8,3.6,46.3,43.0,3.2,9.4,14.8,71.3,5.0,7.8,19.9,25.7,82.9,10.4,23.2,,6.6,15.4,33.9,1.5,65.7,8.4
Washington,DC,38.949133736,-77.0232932042,3442,82.1,21.5,21.0,5.5,81.4,3.2,68.1,5.4,27.3,26.1,5.3,10.0,16.7,73.9,11.8,9.4,34.8,33.9,82.9,10.2,28.6,87.7,10.0,19.6,38.8,3.7,78.9,15.3
Washington,DC,38.9060811983,-77.0607838311,4890,77.8,17.4,27.3,6.8,86.2,2.0,76.9,3.4,43.7,38.4,3.9,7.7,9.2,88.7,5.3,3.0,21.7,31.6,80.5,7.0,16.6,88.6,5.6,9.0,27.4,1.7,74.7,4.2
Washington,DC,38.9452742147,-77.0425303053,2166,82.9,21.0,22.2,7.1,88.6,2.6,75.8,3.8,36.3,31.9,4.8,8.4,9.6,86.4,8.8,3.7,32.7,35.0,83.7,6.9,21.4,89.3,6.9,11.7,31.7,2.7,80.8,6.3
Alexandria,VA,38.8219433941,-77.0616812554,4199,70.2,16.4,21.7,5.1,83.3,1.7,75.4,3.0,47.6,44.3,2.9,7.4,10.1,79.8,5.2,7.9,21.8,28.5,83.6,8.2,21.8,88.3,6.6,12.2,28.2,1.4,71.6,5.8
Washington,DC,38.9187397669,-76.9889803818,4127,84.0,24.8,17.3,5.3,77.7,3.9,61.5,7.5,23.2,21.2,6.3,12.1,22.0,64.6,14.6,10.1,40.6,35.9,83.2,13.3,34.4,88.3,13.1,25.0,43.3,5.2,79.2,23.2
Washington,DC,38.9175532799,-77.0756590546,6233,72.9,11.5,31.3,3.9,75.7,1.5,73.1,2.9,40.3,35.0,2.4,8.5,11.7,84.9,3.6,4.0,14.9,24.2,80.6,9.1,16.5,86.3,5.3,9.2,29.2,1.2,63.4,5.7
Richmond,VA,37.5440885373,-77.5228277023,3836,75.7,25.6,18.0,8.0,85.6,2.7,72.8,5.3,40.6,42.2,6.2,7.9,13.1,78.6,9.4,8.2,32.9,36.7,83.2,9.1,25.4,85.3,9.4,18.2,31.5,2.8,81.5,8.2
Washington,DC,38.9525006088,-77.0310820002,3813,81.3,21.3,21.1,5.5,81.2,3.1,67.7,5.5,28.1,26.0,5.1,10.1,16.6,74.7,11.1,8.6,33.8,33.9,82.8,10.4,27.9,87.8,10.0,18.7,37.9,3.6,78.2,14.8
Baltimore,MD,39.344888724,-76.563853084,1764,76.0,25.2,18.8,5.6,80.1,2.7,66.4,6.2,41.3,38.3,5.6,11.3,20.9,62.0,10.5,9.9,33.9,33.6,82.6,12.7,32.9,,10.7,24.4,41.6,3.0,76.4,13.8
Baltimore,MD,39.3078188641,-76.6361978616,2333,79.1,31.7,12.6,5.1,72.9,4.6,57.2,10.1,25.1,25.4,8.4,14.5,28.7,40.1,19.6,17.2,47.6,38.6,84.9,17.6,45.2,,17.2,38.6,49.3,6.5,80.4,30.5
Baltimore,MD,39.3512326866,-76.5540332107,3229,76.7,26.3,18.0,6.2,81.3,2.8,68.1,6.3,42.5,37.3,5.8,11.2,19.3,63.7,10.5,9.2,34.7,34.2,83.1,12.1,31.9,,10.6,23.7,40.4,3.1,77.6,13.0
Baltimore,MD,39.2864517356,-76.5586445354,2260,68.9,23.5,20.5,5.4,69.0,2.8,63.5,7.1,38.1,35.8,6.3,10.5,22.4,55.4,9.5,17.2,31.4,36.5,79.4,13.9,30.4,,11.8,27.3,38.2,3.0,72.4,17.6
Alexandria,VA,38.8261060603,-77.1164492983,3103,69.9,14.3,20.9,3.8,76.5,1.7,71.1,3.1,43.3,41.2,2.5,8.3,14.0,71.1,5.6,12.1,22.4,25.7,82.8,10.1,24.6,86.4,7.3,15.8,33.5,1.5,67.6,9.1
Richmond,VA,37.534907625,-77.4643147815,3100,75.6,26.1,14.3,5.1,68.8,4.1,59.4,8.0,23.3,26.0,6.9,11.3,22.7,53.3,16.3,19.3,40.5,36.2,85.3,15.5,37.4,82.8,15.0,32.7,42.2,5.5,81.1,27.2
Baltimore,MD,39.2786758478,-76.5388370872,1465,73.2,27.7,14.4,4.8,68.4,3.8,53.5,9.7,30.9,27.6,6.9,14.1,29.0,41.3,13.5,19.6,36.1,35.3,82.6,19.1,40.1,,16.4,37.0,45.8,4.6,73.7,28.7
Washington,DC,38.8686898335,-77.0114952748,2139,82.0,28.0,15.6,5.2,72.3,4.9,53.5,10.8,19.2,16.9,7.8,13.9,29.3,52.6,17.4,14.1,43.3,38.9,81.8,17.4,38.1,86.5,17.6,32.3,45.7,6.9,78.8,34.5
Washington,DC,38.8610018457,-76.9794089411,2451,82.5,25.0,16.5,4.3,70.5,4.2,53.2,9.5,19.1,18.4,6.5,13.6,30.8,52.1,16.1,13.8,43.0,37.3,81.9,17.3,40.1,86.7,16.3,31.3,47.9,5.9,76.7,33.5
Baltimore,MD,39.3170466354,-76.5758917328,2508,79.6,28.4,14.1,4.8,73.4,3.8,61.2,8.2,28.0,28.6,6.5,14.0,26.9,44.3,16.3,15.6,43.1,34.9,84.9,16.4,43.6,,14.5,35.1,49.4,5.1,78.1,25.5
Washington,DC,38.9606051096,-77.0630932091,2998,81.2,23.1,21.3,8.5,87.4,2.8,74.3,4.8,38.4,31.9,5.9,8.0,10.3,85.5,8.0,4.1,30.3,37.0,80.3,7.4,18.5,87.3,7.7,13.0,28.6,2.8,80.4,7.0
Washington,DC,38.9491918358,-76.9949630488,2940,85.8,25.2,18.0,6.8,85.3,3.5,70.7,5.8,28.2,26.9,6.1,10.4,15.7,75.7,13.4,7.4,41.2,36.1,83.5,9.5,28.9,88.6,10.1,19.8,39.0,4.4,82.8,14.4
Baltimore,MD,39.3438900539,-76.5353618585,4763,77.1,26.4,17.4,5.7,79.0,2.9,66.5,6.7,38.0,35.8,5.9,11.9,21.6,58.9,11.5,11.1,36.7,34.3,83.3,13.1,34.6,,11.4,26.4,42.8,3.4,77.2,15.3
Richmond,VA,37.5390893985,-77.4512247166,1179,64.1,12.5,24.3,2.9,62.4,1.7,62.9,4.2,34.2,36.4,2.8,8.9,18.5,68.2,4.6,12.3,17.3,24.0,82.1,14.0,24.3,80.9,8.4,17.8,33.8,1.5,60.0,12.8
Baltimore,MD,39.3227814311,-76.6064925009,1586,77.9,27.9,14.7,4.7,71.8,3.6,59.0,8.4,28.6,28.3,6.3,14.3,28.3,44.3,15.2,16.3,42.1,35.1,84.4,17.1,42.1,,14.8,35.1,48.7,4.8,77.2,26.6
Baltimore,MD,39.3224228585,-76.644531893,2011,80.1,30.6,13.3,5.1,74.5,4.2,58.2,8.9,26.7,25.9,7.6,13.9,26.8,43.8,18.3,15.5,47.4,37.6,85.5,16.2,44.2,,15.6,36.3,49.3,5.8,80.5,27.4
Washington,DC,38.8855369235,-76.9616033731,2486,83.3,27.6,16.4,4.9,74.7,4.4,55.5,10.3,19.5,19.2,7.1,14.0,31.3,53.1,17.3,14.1,43.9,38.1,81.7,17.1,39.7,86.0,17.1,32.5,48.0,6.3,78.8,32.6
Washington,DC,38.9134044458,-77.0430359212,2771,72.8,10.0,33.7,3.6,79.6,1.3,75.3,2.3,40.6,36.7,2.1,7.7,10.6,87.1,3.3,3.6,14.1,23.0,81.8,7.7,15.9,88.2,4.4,7.8,29.3,1.0,61.6,4.1
Baltimore,MD,39.2998546531,-76.6022646856,2767,80.5,35.4,10.7,5.8,71.1,5.3,56.4,12.0,23.4,23.1,9.3,16.5,31.0,35.4,21.5,20.2,50.9,40.7,83.7,19.5,46.3,,19.5,43.9,50.5,7.8,81.6,36.3
Baltimore,MD,39.2791487211,-76.574111863,3022,69.9,19.3,24.5,5.8,78.8,2.0,75.0,4.1,47.9,42.4,4.2,9.3,14.4,73.4,5.8,6.4,22.6,28.4,81.9,10.1,22.3,,6.9,15.4,32.7,1.9,72.3,7.9
Alexandria,VA,38.8170867485,-77.097500358,1572,77.3,25.6,15.9,8.8,90.4,2.4,78.6,3.9,50.2,46.6,5.5,7.1,7.5,83.1,8.1,4.8,32.5,38.2,83.5,6.7,21.0,87.5,7.5,12.7,25.5,2.2,82.5,4.5
Baltimore,MD,39.2371455743,-76.6070212373,3823,70.0,26.6,18.6,5.2,70.3,3.1,57.6,9.1,34.9,32.2,6.9,12.3,28.9,48.0,11.4,16.9,34.0,36.8,78.9,17.1,34.5,,14.6,32.2,42.4,3.7,73.3,22.8
Washington,DC,38.9717869213,-77.016065966,2644,80.6,18.8,23.9,5.6,83.1,2.5,72.5,4.3,32.7,31.1,4.1,9.6,14.1,81.3,8.4,5.5,29.8,31.8,82.8,9.1,23.7,88.5,7.7,14.0,35.1,2.6,77.1,9.8
Baltimore,MD,39.3296442421,-76.5501119135,5116,78.5,23.8,16.9,4.8,75.1,2.8,65.7,5.8,34.7,34.1,5.2,12.2,21.1,57.1,11.7,11.7,38.5,33.1,85.1,13.1,36.2,,10.7,26.4,45.2,3.4,76.4,16.5
Washington,DC,38.95724392,-77.0776735816,4779,80.2,20.1,24.1,7.7,88.2,2.3,76.4,3.7,42.3,36.1,4.5,7.8,8.9,88.7,6.4,2.9,25.3,34.5,81.0,6.8,17.0,87.9,6.2,10.1,27.4,2.0,78.0,4.6
Washington,DC,38.9409336923,-76.9930948758,3025,83.9,23.9,20.3,6.9,82.6,3.3,71.8,5.5,30.8,27.1,5.7,10.0,15.1,77.9,11.6,6.5,40.0,36.9,82.9,9.2,26.0,88.2,9.3,17.8,36.9,3.9,82.0,12.5
Richmond,VA,37.5328651786,-77.4236837775,3851,67.1,12.3,23.0,3.0,69.1,1.7,66.0,3.3,33.4,35.7,2.5,8.5,15.6,70.6,5.4,11.2,19.5,23.1,86.1,11.6,25.5,83.9,7.2,16.6,34.9,1.5,64.7,10.8
Washington,DC,38.9619641461,-77.00519921,2630,86.1,25.9,17.8,7.1,85.1,3.6,71.6,5.9,29.2,27.5,6.2,10.4,15.0,76.5,13.5,7.3,42.1,37.0,83.0,9.2,28.5,88.5,10.1,19.6,38.5,4.4,83.3,13.9
Baltimore,MD,39.3329502873,-76.5684382093,1698,75.8,26.8,17.1,5.8,79.6,3.0,66.0,7.0,39.0,35.4,5.9,11.9,20.7,60.1,11.1,10.2,34.7,34.7,83.0,13.3,33.4,,11.7,25.3,40.8,3.4,76.7,15.3
Washington,DC,38.8272004446,-77.0045793122,2507,82.4,23.1,17.5,3.9,72.0,3.8,54.5,8.4,19.7,18.3,5.6,13.5,29.9,54.5,14.4,12.9,38.5,33.8,83.4,17.0,39.3,86.9,15.1,29.4,48.0,5.1,74.6,30.2
Richmond,VA,37.5701621785,-77.4846909569,2577,71.9,22.7,20.2,7.0,81.0,2.5,72.7,5.1,39.4,39.9,5.4,8.2,14.3,76.6,8.0,9.2,27.7,32.8,82.8,10.2,24.3,84.9,9.1,17.9,31.2,2.6,78.6,9.5
Washington,DC,38.8591091436,-76.9585463501,4044,84.2,25.8,17.5,5.7,81.3,3.9,64.2,7.7,24.9,23.2,6.5,12.0,22.7,65.5,14.7,10.1,40.1,35.8,82.8,12.9,34.3,87.6,13.1,24.9,43.2,5.1,79.7,21.5
Baltimore,MD,39.2771141305,-76.7003721688,3626,79.2,26.3,15.4,4.7,76.9,3.2,63.7,6.8,32.1,32.5,5.5,13.2,23.3,52.7,13.6,12.4,39.5,33.1,85.5,14.6,40.0,,12.4,29.5,47.2,3.9,77.4,18.2
Washington,DC,38.8836356994,-76.9873508943,2179,77.1,15.0,29.1,4.9,83.5,1.9,75.0,3.2,37.3,32.0,3.0,8.5,12.3,85.4,5.8,4.0,22.6,28.1,83.6,8.2,20.1,89.3,5.9,10.3,32.0,1.8,72.8,6.6
Washington,DC,38.8838117539,-77.0033906634,2531,75.4,14.3,29.6,4.9,82.4,1.7,74.2,3.1,40.3,35.7,3.0,8.2,11.2,86.2,4.8,3.5,18.7,27.7,82.0,8.2,18.0,88.5,5.6,9.4,29.7,1.5,69.6,5.1
Washington,DC,38.8882874396,-76.9211942041,1851,84.0,23.3,18.7,5.1,77.5,3.6,62.8,6.9,24.3,22.4,5.6,12.3,22.0,66.2,13.2,10.0,38.0,33.6,82.9,13.1,33.2,87.8,12.1,23.8,43.6,4.6,78.1,22.1
Richmond,VA,37.571403241,-77.4955128703,3006,70.5,17.3,23.8,5.9,83.5,1.8,75.4,3.2,45.1,46.6,3.6,7.2,11.0,83.4,5.3,6.3,22.1,29.0,83.4,8.1,21.4,87.2,6.3,12.5,29.4,1.6,74.0,5.3
Baltimore,MD,39.3225998739,-76.543797186,2830,79.8,27.6,14.6,5.1,76.0,3.4,64.5,7.3,32.0,32.4,6.2,13.2,23.6,50.8,14.8,13.2,41.6,34.7,85.1,14.7,40.1,,12.8,31.3,47.1,4.4,78.8,20.1
Baltimore,MD,39.2917118101,-76.6307803833,2200,78.7,36.2,9.8,5.0,65.0,6.1,47.1,14.9,19.0,19.4,10.0,17.8,38.1,24.9,23.8,25.4,51.5,41.3,83.5,24.1,52.0,,23.8,51.3,53.5,9.4,79.6,49.1
Baltimore,MD,39.2813407698,-76.5935942136,3344,69.2,16.1,25.9,4.8,78.1,1.6,75.1,3.3,49.7,46.3,3.3,8.8,12.8,76.1,4.8,6.0,20.8,27.2,83.0,9.2,21.3,,5.9,13.3,32.6,1.4,68.4,6.1
Baltimore,MD,39.3119766523,-76.5816118729,1585,81.7,32.2,13.3,6.3,77.2,4.3,64.2,8.7,29.3,30.0,8.4,13.7,23.7,48.4,18.6,14.9,48.5,38.5,83.9,14.5,41.2,,14.6,34.5,47.4,6.0,82.4,24.5
Baltimore,MD,39.3686905421,-76.7009823949,3429,75.6,28.1,17.4,8.1,81.4,3.1,70.7,6.3,43.1,37.8,7.2,10.0,14.6,68.4,9.8,7.6,33.3,35.6,82.3,10.6,25.4,,9.7,21.4,34.3,3.5,80.6,11.1
Baltimore,MD,39.3566477477,-76.6965332353,3548,79.9,35.4,13.6,8.8,79.9,4.3,67.6,9.3,38.0,33.1,9.9,11.8,19.2,57.3,15.6,11.1,46.4,42.0,82.8,12.7,33.5,,13.8,30.3,39.5,5.5,84.0,18.3
Washington,DC,38.9538356982,-77.0545997657,3955,77.6,15.1,27.1,5.9,83.3,1.8,76.4,2.8,43.7,36.9,3.2,7.9,8.1,88.9,4.7,3.0,20.0,29.0,81.5,6.9,15.5,87.6,5.0,8.6,27.7,1.5,73.6,4.1
Baltimore,MD,39.282956979,-76.5700550303,1951,67.8,16.0,26.5,4.5,76.5,1.6,73.7,3.7,47.7,43.4,3.2,9.2,15.3,72.7,4.7,7.0,19.7,26.0,82.7,10.3,22.6,,6.5,14.7,33.5,1.5,65.8,7.6
Washington,DC,38.9223788335,-77.0243413499,3740,78.2,10.6,26.8,2.5,65.1,1.8,66.9,3.5,26.6,24.6,2.4,11.2,17.4,73.4,5.5,8.5,19.7,21.8,83.3,12.6,23.3,84.1,6.9,15.0,38.7,1.8,61.1,15.2
Baltimore,MD,39.3426883462,-76.590097989,4603,77.9,17.9,18.7,3.5,67.2,2.3,67.7,4.7,33.5,33.1,3.9,12.9,18.0,58.6,9.1,11.4,28.8,26.5,85.7,13.8,32.0,,8.8,23.0,43.6,2.6,70.1,15.9
Baltimore,MD,39.2839730725,-76.6444267736,2586,75.0,29.5,14.9,5.1,72.1,3.9,56.5,9.8,29.4,28.0,7.9,13.3,29.7,42.3,15.7,17.3,40.7,37.5,81.8,17.5,40.6,,16.2,36.7,46.5,5.2,77.2,28.2
Baltimore,MD,39.3345419933,-76.5876270496,3243,81.1,28.5,15.7,6.5,82.7,3.2,71.3,6.2,37.4,36.7,6.6,11.6,17.9,62.8,13.9,9.8,42.8,36.3,85.4,11.2,34.8,,10.7,25.2,42.6,3.9,82.0,13.7
Washington,DC,38.9015403895,-76.9321953815,2922,83.9,24.1,18.2,5.0,77.7,3.7,61.8,7.4,22.8,21.5,5.8,12.1,24.3,63.7,14.2,10.7,40.1,35.3,82.7,13.6,35.4,87.5,13.1,25.8,44.9,4.8,78.3,23.4
Washington,DC,38.8408793676,-76.9851734491,3546,83.6,25.3,17.2,5.0,73.8,4.0,59.0,8.7,21.0,19.7,6.5,13.3,27.2,58.2,15.3,12.6,42.0,36.7,82.0,15.6,36.7,86.9,14.8,28.9,46.1,5.5,78.3,28.3
Baltimore,MD,39.3037529771,-76.6321872321,2853,76.9,27.6,12.7,3.9,66.0,4.2,51.2,10.0,23.2,22.7,6.8,15.9,32.7,34.3,16.8,20.4,41.9,34.3,84.5,20.8,46.2,,17.6,40.7,51.0,5.8,74.8,36.6
Richmond,VA,37.5731020873,-77.51019728,2907,73.8,21.4,20.7,7.2,85.1,2.2,75.6,4.0,43.7,46.4,4.7,7.6,10.9,83.0,7.1,6.5,27.8,33.5,83.6,8.2,22.6,86.7,7.4,14.1,29.2,2.0,79.0,6.0
Baltimore,MD,39.2471578504,-76.6271725196,4125,79.3,32.4,10.6,4.7,66.6,5.1,52.4,11.6,23.2,21.4,8.0,16.6,33.2,31.6,19.8,20.9,47.8,38.0,84.7,21.4,49.0,,19.6,45.1,52.1,7.3,78.5,40.3
Washington,DC,38.9117400908,-77.0195319937,2143,76.7,14.7,28.1,4.3,78.3,2.1,71.6,3.7,30.7,29.6,3.3,9.0,14.9,79.6,7.0,6.4,24.4,27.7,83.0,9.3,22.1,87.5,6.9,13.1,34.9,2.2,72.4,10.5
Baltimore,MD,39.2903353655,-76.6250567768,838,67.7,10.0,23.1,2.1,63.0,1.4,67.6,2.7,40.2,38.6,1.9,9.8,14.8,65.3,4.2,7.9,18.8,21.1,85.3,11.6,22.8,,5.7,15.7,38.0,1.1,58.0,8.3
Alexandria,VA,38.8154436244,-77.1078473007,4272,70.5,18.2,18.3,4.3,74.8,2.3,67.4,4.6,37.7,35.2,3.8,9.2,17.4,62.5,8.0,14.9,26.6,28.5,82.3,12.3,28.3,85.4,9.9,20.8,35.3,2.3,71.7,14.1
Washington,DC,38.8927669403,-76.9194317159,3646,84.2,24.4,17.9,5.2,76.1,3.7,63.1,7.4,23.2,22.7,6.2,12.2,23.1,64.4,14.5,10.6,41.7,36.8,82.1,13.3,34.4,87.6,12.8,25.2,43.9,4.9,79.2,23.0
Washington,DC,38.9009420937,-76.9748483102,3309,83.7,24.0,18.3,4.8,76.5,3.6,60.1,7.7,22.6,22.2,5.9,12.7,25.1,63.0,14.4,11.0,41.3,36.3,82.7,14.1,35.6,87.3,13.5,25.6,45.2,4.8,78.1,23.6
Baltimore,MD,39.2998323697,-76.5754297999,2957,77.3,28.5,13.5,4.3,66.6,4.0,55.4,9.6,25.1,26.2,6.8,15.3,31.2,37.7,16.8,19.9,44.0,37.0,83.9,19.2,44.3,,16.8,39.5,50.1,5.5,76.6,32.1
Richmond,VA,37.5467344565,-77.4519581348,4101,64.3,6.3,18.7,1.0,39.3,1.3,56.9,4.0,28.2,29.2,1.5,11.3,20.4,53.3,2.7,18.8,12.0,14.0,79.4,20.3,23.1,69.0,8.4,24.3,37.4,0.9,33.7,25.8
Baltimore,MD,39.2153588401,-76.5669808693,5468,71.3,27.1,17.9,5.1,69.7,3.2,57.4,9.3,33.9,32.0,6.8,13.1,30.4,46.6,11.8,16.1,35.1,36.4,79.5,17.9,35.8,,14.9,33.1,44.0,3.9,73.7,24.0
Baltimore,MD,39.2992557041,-76.6903712844,1574,83.7,34.1,13.0,7.4,82.5,4.2,69.7,7.9,32.7,33.8,8.5,12.8,19.8,55.7,18.7,12.5,51.1,39.7,84.0,12.2,39.0,,13.2,31.6,45.2,5.7,85.1,19.0
Richmond,VA,37.5241187404,-77.4449014503,3284,71.9,18.0,18.3,3.5,67.5,2.6,61.3,5.4,26.5,30.4,4.3,10.2,21.1,59.6,10.2,16.5,29.8,29.0,85.7,14.4,33.8,83.8,11.1,25.2,40.6,3.0,72.8,19.8
Baltimore,MD,39.2987150828,-76.6408487842,2515,79.4,29.3,13.5,4.7,70.9,4.0,56.9,9.0,25.8,26.1,7.0,14.9,28.8,41.2,17.3,17.3,45.7,36.7,84.6,17.6,43.8,,15.8,37.6,50.0,5.6,78.8,30.1
Washington,DC,38.8963838241,-76.9743348061,1774,83.7,22.6,19.8,5.6,81.0,3.3,67.1,5.8,27.2,25.2,5.3,10.8,18.0,72.9,12.4,8.0,39.1,35.1,83.6,10.7,30.4,88.7,10.3,19.9,40.4,4.0,79.9,16.3
Washington,DC,38.9161214423,-76.9665022869,4859,84.7,27.5,17.1,6.6,82.2,4.2,64.3,7.8,24.8,22.3,7.5,11.4,19.8,67.9,15.6,9.8,43.6,38.2,82.7,11.7,32.3,87.7,13.0,24.4,41.2,5.6,82.2,20.9
Washington,DC,38.9367763097,-76.9742391991,4163,84.9,25.0,18.9,6.6,84.1,3.6,69.4,6.1,27.7,25.7,6.2,10.5,16.7,74.8,13.3,7.5,41.1,36.6,83.2,10.0,29.4,88.2,10.6,20.0,39.6,4.4,82.0,15.1
Baltimore,MD,39.2970586602,-76.7022072447,3565,81.3,29.2,15.0,6.2,81.8,3.4,69.4,6.6,34.7,35.4,6.4,12.2,19.1,60.0,14.7,10.3,43.4,36.3,85.5,12.1,37.2,,11.5,26.8,43.9,4.2,81.8,14.8
Alexandria,VA,38.8114728602,-77.0516935335,4893,70.6,15.7,21.1,4.3,79.9,1.8,73.9,3.0,42.8,39.7,2.8,7.9,11.1,76.1,5.9,7.9,23.5,27.4,84.9,9.0,23.9,88.4,6.8,13.1,30.7,1.6,71.6,6.9
Richmond,VA,37.46331299,-77.4369635288,1311,70.3,24.0,16.7,4.7,65.8,3.4,56.6,8.5,26.3,30.2,7.0,10.6,26.8,49.6,13.8,30.0,37.4,38.2,79.7,16.3,36.9,81.3,16.1,35.2,41.7,4.3,76.0,27.5
Richmond,VA,37.5533250149,-77.467980563,2625,67.3,13.7,25.7,4.1,74.1,1.5,73.6,3.2,43.0,45.3,3.0,7.8,12.3,79.9,4.6,7.5,18.4,25.9,83.7,9.8,20.8,83.8,6.2,12.6,30.0,1.3,68.5,6.1
Baltimore,MD,39.2801761906,-76.6793610029,2282,78.8,28.5,14.8,5.0,75.8,3.6,61.3,8.2,30.8,30.2,6.7,13.5,25.7,48.3,15.3,14.1,42.0,35.4,84.3,15.7,41.1,,14.2,32.7,47.6,4.7,78.4,22.6
Baltimore,MD,39.289407094,-76.5965747471,3065,74.8,25.9,14.7,4.0,66.2,3.6,54.4,8.6,28.3,26.9,6.2,14.1,29.3,41.0,14.8,18.4,41.7,36.3,83.9,18.2,41.9,,15.5,36.0,48.2,4.7,75.0,28.2
Baltimore,MD,39.2646385917,-76.6166056262,1136,67.6,14.7,27.5,4.2,76.0,1.5,72.4,3.2,48.2,45.0,3.0,9.0,13.9,74.3,4.4,6.2,19.1,25.2,82.4,9.7,21.7,,5.8,13.2,32.8,1.3,65.1,6.8
Washington,DC,38.9734985608,-77.0540766327,5911,82.3,23.2,21.8,8.9,90.9,2.6,76.3,4.4,41.6,35.9,5.5,8.0,9.1,88.4,7.4,3.0,29.0,37.0,80.7,6.8,18.2,88.5,7.0,11.1,27.7,2.5,80.0,5.2
Richmond,VA,37.5248637169,-77.4902152521,2416,72.0,21.3,20.4,6.1,83.3,2.3,70.3,4.8,39.6,41.6,4.6,8.2,14.7,77.3,7.7,8.4,27.0,32.3,83.8,10.1,26.5,86.3,9.0,17.1,32.7,2.3,76.4,8.5
Baltimore,MD,39.2967401041,-76.6640187076,3509,81.5,33.7,12.2,6.1,74.9,4.7,61.2,9.8,26.7,27.1,8.8,14.5,25.7,44.1,20.1,16.1,50.6,40.3,84.3,16.0,43.3,,16.3,37.6,48.4,6.6,82.6,27.9
Washington,DC,38.8978732774,-77.0250007021,2830,75.1,13.9,27.0,4.5,81.0,1.8,69.2,3.3,36.9,32.1,3.2,7.9,12.8,82.4,5.7,5.0,20.4,29.3,79.5,8.4,17.6,86.4,6.2,11.8,31.9,1.6,69.8,6.3
Washington,DC,38.9251124053,-76.99085334,1189,81.3,19.0,23.4,5.0,80.2,2.6,69.3,4.8,29.1,26.9,4.3,10.1,16.8,77.0,9.7,7.4,32.3,32.0,83.3,10.1,26.7,87.8,8.8,16.8,38.4,3.0,76.8,13.0
Richmond,VA,37.5719623887,-77.4418589829,1978,79.7,28.3,14.3,6.4,80.4,3.9,64.5,7.0,27.8,31.3,7.5,10.1,19.2,62.6,16.7,15.1,45.5,37.6,85.6,12.1,37.5,85.9,13.4,28.5,41.6,5.1,83.9,18.9
Washington,DC,38.8503102279,-76.9820302095,3310,81.5,21.4,18.2,3.7,68.6,3.5,55.9,8.0,19.9,19.3,4.6,13.9,30.4,54.7,12.7,13.9,37.4,33.1,82.4,17.3,37.9,87.2,14.5,29.1,47.7,4.5,72.7,30.3
Washington,DC,38.8985726799,-76.9210476683,2139,84.1,24.5,18.2,5.0,76.8,3.7,62.5,7.6,23.2,22.7,5.9,12.5,24.5,63.6,14.4,10.9,41.3,36.2,82.2,13.8,35.1,86.9,13.2,25.7,44.9,4.9,78.8,24.0
Baltimore,MD,39.2951289003,-76.6029315477,3549,75.8,30.4,12.3,4.3,63.7,5.0,49.0,11.8,21.5,20.9,8.5,15.1,34.5,30.3,19.8,22.7,46.9,38.9,84.0,21.0,47.6,,19.9,44.3,51.2,7.2,77.0,41.3
Alexandria,VA,38.8260174112,-77.0753544286,4693,74.2,22.1,18.8,7.3,88.3,2.1,78.2,3.6,49.7,44.7,4.3,7.4,9.2,82.1,6.7,5.6,27.8,34.2,83.4,7.6,21.4,87.8,7.3,12.5,26.9,1.9,78.5,5.2
Baltimore,MD,39.359623032,-76.6033442949,4952,80.7,26.8,16.0,5.7,81.3,3.1,71.0,5.9,35.2,36.5,5.6,12.1,18.4,61.9,13.3,9.8,40.7,34.3,85.7,11.7,36.2,,10.5,25.0,43.8,3.7,80.5,13.3
Washington,DC,38.8959827032,-76.941377166,3293,84.1,25.4,18.1,5.3,79.0,3.8,62.0,7.9,23.2,22.2,6.5,12.1,24.4,63.4,15.3,11.0,42.0,36.6,82.1,13.4,35.4,87.1,13.5,26.1,44.7,5.2,79.5,23.6
Washington,DC,38.8915377814,-76.9827632447,3031,77.8,14.7,28.3,4.6,82.7,1.9,73.1,3.3,34.5,32.2,3.0,8.7,13.1,84.0,6.1,4.4,23.4,27.8,83.1,8.5,21.4,89.0,6.2,11.1,33.4,1.8,72.3,7.6
Washington,DC,38.895419246,-76.9313444651,3446,84.2,26.5,16.9,5.4,76.0,4.2,60.2,8.7,21.5,20.2,7.0,12.9,25.7,60.2,15.9,11.9,42.8,37.3,82.2,14.7,35.9,86.9,14.7,28.3,45.3,5.8,79.5,26.8
Baltimore,MD,39.2996607849,-76.5810142518,3782,77.9,28.1,13.6,4.3,68.8,3.9,56.7,9.2,26.8,25.9,6.8,15.0,30.0,39.5,16.7,18.6,43.8,36.1,84.2,18.4,44.2,,16.2,38.0,50.1,5.4,77.0,30.2
Washington,DC,38.833834401,-76.9963776795,1575,83.3,27.0,15.5,5.0,73.9,4.7,55.8,9.9,19.3,17.7,7.4,13.7,28.8,52.9,17.1,13.8,42.0,36.7,81.9,16.8,39.1,87.2,16.5,31.8,46.7,6.6,78.3,32.5
Alexandria,VA,38.804204347,-77.0824776641,653,66.4,11.5,25.7,3.3,77.2,1.2,73.3,2.4,45.2,43.7,1.8,7.6,11.9,77.4,3.5,8.1,17.0,23.0,83.6,9.2,21.1,87.6,5.7,11.2,29.9,0.9,61.1,5.7
Richmond,VA,37.5550366648,-77.4781187692,2544,67.0,13.4,25.6,3.8,72.8,1.6,71.1,3.2,39.0,41.0,2.9,7.9,13.2,77.9,5.0,8.4,19.7,25.7,84.4,10.0,22.3,84.8,6.5,13.5,31.2,1.4,68.1,7.5
Baltimore,MD,39.3248194528,-76.5577142018,5937,78.1,25.4,15.9,4.5,73.2,3.1,62.6,7.0,33.0,32.5,5.4,13.4,25.0,50.7,13.3,14.1,40.0,34.0,84.7,15.1,38.4,,12.6,30.8,47.5,3.8,76.8,20.5
Richmond,VA,37.5063806491,-77.435621939,5010,77.5,27.1,12.6,4.5,68.5,4.1,54.9,9.4,21.9,25.5,7.0,13.0,29.2,45.3,17.6,24.2,43.9,37.0,84.5,18.4,44.3,83.4,17.8,38.3,47.5,5.7,79.0,32.0
Baltimore,MD,39.3633290655,-76.685470795,5817,76.6,25.1,19.3,7.1,82.8,2.6,74.2,4.9,44.2,41.4,5.6,9.8,13.6,73.0,9.1,6.4,32.8,34.1,84.1,9.5,26.2,,8.2,18.5,35.2,2.7,79.7,8.8
Washington,DC,38.8973521338,-77.0446120467,6408,68.6,5.0,30.2,1.0,48.4,1.0,59.4,3.4,30.3,22.1,1.1,11.1,19.7,70.2,1.7,8.4,7.9,12.8,77.3,17.0,15.7,74.6,6.2,14.5,33.3,0.7,30.3,19.5
Baltimore,MD,39.3104187998,-76.5934775689,2469,81.0,31.6,13.1,5.6,76.4,4.3,61.1,8.8,27.3,27.5,7.9,13.9,25.4,46.0,18.6,15.2,48.1,38.1,85.2,15.4,43.0,,15.2,35.6,48.3,5.9,81.6,26.0
Baltimore,MD,39.3686600593,-76.6045866555,2804,74.1,23.2,19.0,5.3,77.0,2.6,67.6,5.7,39.4,35.3,5.0,11.0,18.9,62.1,9.6,10.3,30.5,31.7,83.3,12.4,30.3,,9.9,23.4,39.5,2.9,75.4,13.9
Alexandria,VA,38.8284531703,-77.1224721932,3963,66.4,14.4,18.9,2.8,69.4,2.0,59.1,4.3,33.6,30.3,3.0,9.1,20.6,55.0,7.2,22.1,22.4,25.4,82.7,13.9,30.2,84.5,10.6,24.1,37.4,1.9,63.4,17.5
Washington,DC,38.8525727287,-76.9706854125,3038,80.9,23.5,17.4,3.6,67.1,4.1,48.6,10.0,17.3,16.8,6.1,14.2,35.6,46.2,15.5,16.7,40.5,35.3,81.7,19.3,41.6,86.2,17.5,34.0,49.8,5.8,73.2,39.1
Baltimore,MD,39.3221262786,-76.5666560227,4933,79.3,27.2,14.6,4.7,75.5,3.4,61.2,7.5,32.3,31.0,5.9,13.7,24.9,49.3,14.6,13.7,41.8,34.3,85.3,15.4,41.5,,13.5,31.7,47.9,4.3,77.9,21.1
Baltimore,MD,39.3509526833,-76.5843184841,4754,81.0,22.9,17.7,5.1,76.2,2.6,73.8,4.9,35.8,37.7,4.8,12.1,16.1,65.0,11.4,9.4,35.9,31.1,86.2,11.5,32.6,,8.8,22.4,42.9,3.0,78.7,12.2
Alexandria,VA,38.8165993378,-77.0808788508,2553,74.6,24.1,17.2,7.5,87.7,2.4,75.7,4.4,46.7,42.5,5.2,7.6,10.4,78.5,7.9,7.6,29.6,35.3,82.7,8.3,23.0,87.0,8.6,15.0,27.8,2.3,79.5,7.2
Baltimore,MD,39.3583457432,-76.5660309916,4605,77.1,26.9,17.2,5.9,80.4,3.0,66.8,6.6,38.5,36.7,6.1,11.4,20.1,61.0,11.9,9.6,37.3,35.2,83.9,12.6,34.4,,11.2,25.1,41.7,3.5,78.5,13.7
Washington,DC,38.9446514559,-77.0317347907,2554,79.9,22.1,21.5,5.5,79.1,3.3,64.5,6.5,25.8,24.1,5.8,10.6,19.9,70.0,12.0,11.2,34.9,35.0,81.1,11.7,28.6,86.8,11.4,21.7,38.7,4.1,78.1,19.4
Baltimore,MD,39.2755141148,-76.6028045351,2564,70.6,17.6,25.7,5.4,82.6,1.6,77.0,3.2,50.0,48.3,3.4,8.6,11.6,79.1,5.0,4.6,21.0,28.1,83.5,8.4,21.1,,5.7,12.3,31.8,1.4,70.9,4.6
Alexandria,VA,38.7922359356,-77.0443858106,2292,73.5,21.3,19.2,7.1,86.3,2.0,78.4,3.5,49.8,46.5,4.3,7.3,9.1,81.4,6.5,5.8,27.4,33.6,83.2,7.6,21.3,87.7,7.0,12.2,27.0,1.8,78.0,4.9
Washington,DC,38.8116201244,-77.0248889119,3211,80.2,20.6,18.1,3.2,62.0,3.6,51.3,9.1,18.2,16.6,5.3,14.6,32.4,48.8,13.2,16.4,35.7,33.1,82.6,19.3,37.5,85.2,15.7,31.4,47.5,5.0,70.7,37.5
Washington,DC,38.8566328875,-76.9695452261,4541,83.4,27.9,15.2,5.1,72.4,4.8,54.2,10.5,19.3,16.8,7.8,13.9,29.6,51.8,17.9,13.9,44.1,38.4,82.5,17.3,39.7,87.0,17.4,32.9,47.1,7.0,79.0,34.5
Washington,DC,38.9349477555,-77.0345165596,3773,74.0,14.4,26.7,3.4,70.2,2.3,62.8,4.7,25.6,24.9,3.5,9.8,20.2,69.6,7.8,12.8,24.0,28.8,80.9,12.3,25.4,85.6,9.3,19.1,37.4,2.4,67.9,17.2
Washington,DC,38.9670943355,-77.0304333284,4480,80.9,22.8,19.3,5.0,77.7,3.6,61.5,7.0,24.1,22.4,5.9,11.2,21.6,65.2,13.4,12.9,36.1,34.9,81.9,12.8,32.6,87.3,12.7,24.5,41.6,4.5,77.4,22.0
Baltimore,MD,39.2904119632,-76.6149306998,4006,68.1,11.3,22.0,2.6,70.8,1.5,67.7,2.6,40.3,37.0,2.2,9.1,13.0,67.1,4.7,7.4,18.0,21.6,85.5,10.2,22.6,,5.5,15.4,36.7,1.2,61.0,8.1
Baltimore,MD,39.2900172639,-76.6807072108,4619,82.6,35.8,11.9,6.9,78.4,4.9,62.2,9.9,27.6,27.4,9.6,14.1,24.5,45.6,20.9,15.5,52.3,40.6,84.4,15.0,42.6,,16.4,37.9,47.9,7.1,84.1,27.3
Washington,DC,38.86464115,-76.9968811847,2414,81.1,25.0,14.9,3.6,62.5,4.7,47.0,11.5,15.3,14.8,6.4,15.8,36.7,41.5,16.5,18.7,40.9,36.3,81.4,21.9,42.8,86.2,19.5,37.6,49.9,6.7,73.2,44.5
Baltimore,MD,39.3570615083,-76.544197237,4361,76.5,26.0,18.3,6.2,80.7,2.7,68.5,6.2,41.4,38.7,5.8,11.1,19.3,64.0,10.4,9.3,35.2,34.6,83.1,12.0,32.0,,10.5,23.5,40.4,3.1,77.3,12.5
Washington,DC,38.9381049746,-77.1004831061,7175,75.6,14.6,29.3,4.8,72.4,1.8,72.5,4.0,38.7,33.6,3.7,9.1,12.6,84.6,4.8,4.8,18.4,28.3,78.4,10.1,15.5,84.5,6.4,11.4,29.1,1.7,72.0,8.4
Richmond,VA,37.5634170724,-77.4806720789,2373,66.9,14.4,25.0,4.2,72.9,1.7,70.1,3.7,40.3,41.6,3.1,8.2,14.8,76.5,4.9,9.9,19.4,26.0,82.5,10.8,22.4,83.5,7.2,15.0,31.7,1.5,67.9,9.0
Washington,DC,38.9384216789,-77.0788872939,3442,73.4,13.4,28.1,3.9,72.7,1.8,68.0,4.0,36.3,30.9,2.9,9.4,15.3,79.9,4.6,5.6,17.0,26.1,79.2,11.1,18.5,84.9,6.9,12.6,31.9,1.6,65.3,9.4
Richmond,VA,37.5420093656,-77.4081024005,1630,80.0,33.5,11.2,6.1,75.4,5.3,56.7,10.9,21.5,24.3,10.0,12.3,27.2,45.7,22.9,23.3,52.2,41.4,84.4,16.5,45.3,84.2,19.7,40.4,46.6,7.9,84.4,33.7
Alexandria,VA,38.8367424173,-77.1054408824,5766,68.5,12.8,22.2,3.4,78.0,1.5,72.8,2.7,44.7,42.6,2.2,7.9,12.5,74.0,4.6,9.3,18.9,23.5,84.0,9.6,23.1,87.3,6.4,13.3,32.3,1.2,64.3,6.2
Richmond,VA,37.4693615382,-77.4771487487,2703,75.5,26.7,15.1,5.7,75.0,3.7,60.1,7.8,29.4,30.8,7.2,10.2,22.3,57.0,15.0,21.2,39.9,37.0,83.7,14.1,37.6,83.9,14.8,31.9,41.6,4.6,80.4,22.5
Baltimore,MD,39.2901606309,-76.5659568714,2647,68.6,24.9,18.5,5.1,69.4,3.2,57.8,8.6,35.1,31.3,7.1,11.5,25.8,47.3,11.3,21.7,31.0,35.5,77.4,16.0,33.3,,14.2,32.7,40.5,3.7,72.1,24.2
Baltimore,MD,39.328696285,-76.6194416341,6224,65.6,8.3,23.4,1.8,56.1,1.2,65.9,2.9,41.4,36.6,1.8,9.8,14.8,64.2,3.1,8.9,12.7,17.9,82.7,13.0,18.2,,5.5,16.6,35.9,0.9,49.0,11.2
Washington,DC,38.8717864101,-76.9445537751,2905,85.8,27.1,17.3,6.5,81.6,4.0,66.2,7.5,25.0,23.9,7.1,11.6,20.7,68.1,15.4,9.5,43.8,37.5,82.2,11.7,32.8,87.4,12.5,24.6,42.7,5.3,82.1,20.8
Washington,DC,38.8963061489,-76.9966527047,2206,76.1,14.3,29.6,4.7,81.9,1.8,73.9,3.2,35.3,31.3,3.0,8.5,11.9,85.3,5.4,3.9,21.0,27.3,82.8,8.3,19.0,88.4,5.8,10.1,31.0,1.7,72.0,6.7
Baltimore,MD,39.3384113888,-76.55970817,3749,78.2,24.7,18.2,5.4,80.6,2.6,68.4,5.9,40.1,38.7,5.1,12.0,20.4,62.5,10.7,10.3,35.7,32.7,83.8,12.4,34.0,,10.4,24.4,43.2,3.0,76.9,13.1
Alexandria,VA,38.8225377932,-77.1357399715,7151,71.2,19.1,16.7,4.1,73.6,2.5,63.3,4.9,36.0,34.0,4.1,9.2,18.5,58.9,9.3,17.9,29.8,31.2,82.1,12.7,30.8,85.0,11.1,23.8,37.3,2.5,72.2,15.1
Baltimore,MD,39.300362669,-76.612867538,3223,68.6,14.1,23.3,3.3,72.3,1.7,69.2,3.4,42.3,40.0,2.9,9.8,15.7,66.7,5.4,7.7,20.6,24.3,84.6,11.4,25.1,,6.6,16.4,37.2,1.5,64.2,8.8
Baltimore,MD,39.3468515755,-76.6336711692,3730,74.9,24.1,19.0,7.2,85.2,2.3,75.3,4.4,47.9,44.3,5.1,8.8,11.1,77.1,7.7,4.9,28.7,34.3,83.7,8.4,22.7,,7.3,15.6,32.5,2.2,78.5,6.2
Baltimore,MD,39.3498097121,-76.6163049187,2046,75.4,26.1,17.1,6.2,77.8,3.1,67.9,6.3,38.4,35.0,6.2,11.1,16.6,64.2,11.4,8.6,34.0,35.2,83.2,12.1,28.7,,10.3,23.5,37.0,3.5,80.2,14.1
Baltimore,MD,39.3032181228,-76.6047451279,2126,80.6,36.5,11.0,5.7,73.9,5.4,53.7,12.2,23.3,23.0,9.8,15.3,31.1,35.3,23.3,18.9,52.7,41.6,84.9,18.8,48.4,,20.1,43.9,50.8,8.1,82.7,35.9
Richmond,VA,37.5198754831,-77.473783082,5858,74.7,24.7,16.9,5.9,78.8,3.1,65.1,6.5,32.1,33.8,6.0,9.7,18.9,66.7,11.8,13.3,34.9,34.8,83.6,12.5,32.7,84.9,12.1,24.3,38.0,3.6,79.0,15.7
Richmond,VA,37.5562389053,-77.4855495696,1364,68.8,16.2,23.5,4.8,77.6,1.8,71.1,3.6,41.0,43.5,3.4,7.8,12.9,78.5,5.7,8.3,21.9,28.4,84.2,9.7,23.4,86.1,7.2,14.3,31.2,1.6,71.6,7.2
Washington,DC,38.9462265217,-77.0705246905,5008,76.8,15.3,27.9,5.6,83.2,1.8,75.1,3.2,42.0,37.0,3.3,8.0,9.9,87.5,4.9,3.5,19.7,29.6,80.7,7.5,16.5,87.3,5.5,9.3,28.6,1.5,72.1,4.6
Baltimore,MD,39.2687022722,-76.6776615598,4050,75.2,34.8,15.9,8.7,76.9,4.1,64.2,10.5,36.5,31.9,10.2,12.0,23.7,54.0,13.7,13.4,41.4,41.5,79.1,14.6,30.6,,15.1,32.4,38.7,5.3,81.5,22.0
Baltimore,MD,39.2849727618,-76.6401704308,1920,73.4,26.5,16.8,4.7,72.6,3.4,57.4,8.8,32.9,31.1,6.6,13.3,28.1,46.5,13.1,16.7,36.3,34.6,82.1,17.0,38.6,,14.8,32.3,45.5,4.2,74.1,23.8
Richmond,VA,37.5742432668,-77.430003311,2338,80.2,30.1,12.9,6.0,77.2,4.3,61.9,8.5,24.1,28.5,7.9,11.6,23.4,54.8,19.0,19.4,48.5,39.1,85.2,14.5,41.4,85.0,16.0,33.9,44.8,5.9,83.7,24.8
Baltimore,MD,39.3349699689,-76.54042094,4911,79.8,28.6,15.1,5.6,79.0,3.4,65.0,7.3,34.5,34.4,6.4,12.9,22.4,54.7,14.4,12.1,41.6,35.5,84.8,13.9,38.8,,12.7,29.5,45.7,4.2,79.7,17.8
Alexandria,VA,38.8012387817,-77.0668298261,3910,69.1,14.3,23.3,4.5,80.7,1.5,75.8,2.6,49.1,46.4,2.7,7.1,10.0,78.6,4.8,7.4,20.4,26.4,82.8,8.0,20.8,87.3,5.9,11.3,29.0,1.3,69.0,5.1
Baltimore,MD,39.3686120077,-76.6890442968,3788,76.4,29.5,16.8,9.2,79.6,3.3,73.2,6.4,44.4,38.8,8.1,9.6,13.4,68.8,9.9,7.8,35.1,37.3,81.7,9.9,23.3,,9.4,21.8,32.7,3.7,82.3,10.9
Baltimore,MD,39.3139755843,-76.6839809071,3344,82.5,31.3,13.5,6.4,80.5,4.0,66.8,7.5,31.3,31.6,7.7,12.8,20.2,54.7,17.4,12.0,47.8,37.6,85.6,12.8,39.5,,13.0,30.6,45.8,5.3,83.2,19.7
Washington,DC,38.8813275374,-76.9959253804,2812,73.7,12.2,34.2,4.0,75.8,1.5,73.8,3.1,38.6,34.4,2.6,8.1,13.6,84.3,4.2,4.8,17.4,25.5,81.4,8.7,17.6,87.9,5.5,10.1,30.5,1.3,66.3,7.0
Richmond,VA,37.5112625299,-77.4000067356,1575,77.8,29.5,13.1,5.5,75.3,4.3,57.4,9.5,23.8,27.6,7.8,12.1,26.6,50.2,18.1,21.0,44.0,37.2,84.1,16.6,42.5,84.5,17.5,35.9,45.4,5.9,81.3,28.2
Washington,DC,38.8931929194,-76.992527802,2910,75.5,13.3,31.1,4.6,83.1,1.6,75.6,2.9,39.2,36.2,2.7,8.2,11.3,87.1,4.6,3.5,18.6,26.5,82.0,7.9,18.1,88.9,5.3,8.8,30.1,1.4,69.0,5.1
Baltimore,MD,39.2944297801,-76.5806136433,3265,71.6,19.1,20.0,3.9,71.1,2.4,65.1,5.2,36.4,34.6,4.0,11.3,20.4,57.7,8.6,13.6,28.8,29.2,83.9,13.3,32.0,,9.7,24.0,40.9,2.5,70.0,15.5
Baltimore,MD,39.2856222017,-76.6558428566,1691,79.2,34.9,11.1,5.2,70.8,5.5,51.1,12.8,22.3,21.4,9.9,15.9,33.8,31.2,22.6,21.4,49.8,39.8,84.3,20.5,49.1,,20.8,45.8,51.6,8.3,80.4,40.8
Baltimore,MD,39.2995118934,-76.6091282783,5237,69.2,18.3,21.1,2.3,55.8,2.9,44.6,7.8,23.8,,5.5,11.8,39.2,29.6,12.1,26.0,37.8,30.9,82.5,18.8,44.3,,14.8,37.0,51.8,3.9,62.7,37.3
Baltimore,MD,39.3090800434,-76.6687935511,3412,80.7,32.8,12.5,5.6,74.9,4.6,58.9,9.8,26.0,25.3,8.7,14.4,27.3,41.9,19.8,16.8,48.7,38.6,84.7,16.7,44.4,,16.7,38.4,49.3,6.6,81.6,29.7
Washington,DC,38.9002079893,-77.0538622585,6756,74.3,14.1,27.3,4.5,70.7,2.0,69.9,4.0,36.3,29.5,3.9,8.9,13.3,80.1,5.4,5.5,18.6,27.0,78.5,10.4,16.6,82.1,6.6,12.7,30.5,1.9,70.8,9.9
Baltimore,MD,39.3015364673,-76.6175116497,5072,71.5,18.7,21.3,4.9,74.0,2.3,72.8,4.1,40.2,37.2,4.5,9.8,14.2,67.9,7.8,7.9,26.6,29.0,83.9,10.5,24.5,,7.3,17.8,35.3,2.4,74.5,10.3
Washington,DC,38.9097373995,-77.0133154357,3028,78.6,15.6,26.1,4.0,76.8,2.2,69.3,4.1,29.2,27.8,3.4,9.8,17.2,76.2,8.0,7.2,27.3,28.7,83.7,10.3,25.6,87.5,7.9,15.4,37.9,2.4,72.4,12.6
Baltimore,MD,39.3056714476,-76.5861658745,1564,79.2,31.8,12.1,5.0,70.4,4.6,54.6,10.7,23.1,24.4,7.9,15.7,31.5,36.5,19.2,19.8,47.8,38.2,83.6,19.2,46.2,,18.0,41.6,50.7,6.6,79.6,34.1
Washington,DC,38.8965143158,-76.9804422228,3822,81.8,21.0,20.5,4.5,75.7,3.1,62.7,6.4,25.2,23.8,4.8,12.0,22.4,67.6,11.7,9.6,36.5,33.7,82.8,13.2,31.9,87.4,11.5,21.8,42.5,3.9,76.2,20.5
Baltimore,MD,39.2981416687,-76.6481617162,2525,80.1,31.7,13.1,5.3,72.1,4.4,58.6,9.7,25.7,25.0,8.2,14.5,28.6,40.9,19.1,17.4,49.2,39.2,84.7,17.0,44.3,,16.6,38.7,49.9,6.3,80.6,30.6
Baltimore,MD,39.3450840328,-76.6198507606,4525,68.4,9.1,30.0,2.4,63.2,1.0,75.3,2.5,47.2,45.8,1.8,10.7,12.1,78.5,2.7,5.9,11.8,17.4,81.7,11.9,16.4,,4.5,11.6,31.8,0.7,57.5,7.0
Alexandria,VA,38.8087487417,-77.0763890219,2909,70.1,18.1,19.6,4.8,78.1,2.0,71.4,4.1,43.8,41.6,3.6,8.4,14.0,70.9,6.7,11.3,25.0,29.8,82.4,10.4,24.9,86.7,8.6,16.6,31.5,1.9,72.1,9.8
Washington,DC,38.9107790031,-77.0389514661,5051,72.6,10.3,32.7,3.7,80.3,1.4,73.2,2.3,40.7,36.2,2.2,7.6,10.6,86.4,3.4,3.6,14.3,23.3,81.3,7.8,16.3,88.5,4.6,8.1,29.6,1.0,61.3,4.3
Baltimore,MD,39.2909681072,-76.6478201624,1846,80.3,33.5,12.2,5.5,73.1,4.9,55.3,10.4,25.6,24.3,8.8,14.5,28.6,39.3,20.7,17.2,50.5,39.9,85.1,17.5,46.2,,17.7,40.0,50.0,7.0,81.6,31.7
Washington,DC,38.8484629857,-76.9744329125,2859,82.1,22.7,17.0,3.8,68.9,3.9,53.7,8.8,19.3,18.2,5.5,14.0,30.9,51.8,14.4,14.1,37.7,33.5,82.6,17.9,39.4,86.7,15.5,30.9,48.1,5.2,73.7,33.1
Washington,DC,38.9140985417,-77.0062781095,2407,81.3,17.0,24.3,4.4,78.6,2.4,67.9,4.2,29.4,26.9,3.8,10.1,16.4,76.9,8.8,7.0,30.5,29.9,84.2,10.0,26.5,87.8,8.1,15.9,38.5,2.7,74.9,13.4
Washington,DC,38.927995991,-77.1075153424,2092,80.1,20.7,24.1,7.6,89.7,2.2,74.8,4.1,41.8,37.7,4.6,8.0,9.8,88.5,6.5,2.9,25.2,35.4,80.5,7.2,18.3,88.5,6.7,10.3,28.1,2.0,76.6,4.7
Baltimore,MD,39.2980892861,-76.6363266478,2388,81.1,34.4,12.1,5.9,75.8,4.9,60.4,10.4,26.0,25.9,9.5,14.3,27.0,42.2,21.2,16.7,51.6,40.9,84.9,16.3,44.7,,17.2,38.5,48.8,7.0,82.6,28.9
Baltimore,MD,39.3063709462,-76.6480513427,2699,79.8,29.8,13.5,4.9,72.7,4.0,58.9,8.9,26.5,26.4,7.2,14.4,28.1,42.2,17.6,17.1,46.2,36.9,85.1,16.8,44.0,,15.5,37.3,49.8,5.6,79.4,28.6
Richmond,VA,37.5621338941,-77.4442242067,2932,77.2,20.0,16.1,4.1,67.4,3.0,62.5,5.5,26.1,28.6,5.0,10.8,18.3,61.2,12.1,16.0,34.6,31.0,86.6,13.7,34.4,84.6,11.2,25.9,41.6,3.7,76.5,20.4
Baltimore,MD,39.3477502106,-76.6834692342,3175,81.6,35.3,12.0,6.2,78.2,4.8,61.8,10.5,26.8,27.9,9.2,14.8,27.1,43.4,21.1,16.5,50.6,40.1,84.2,16.2,44.3,,17.2,38.5,48.8,6.8,83.1,27.9
Washington,DC,38.9639666631,-77.0156075435,1969,84.6,23.7,19.6,6.5,85.3,3.3,70.4,5.5,29.0,27.0,5.8,10.0,15.1,77.4,12.4,6.8,38.4,35.3,83.9,9.3,28.1,88.6,9.7,18.1,38.4,4.0,81.4,12.8
Baltimore,MD,39.323310181,-76.5804566301,3881,77.8,25.9,16.5,5.2,77.2,3.0,65.1,6.7,35.5,34.8,5.7,12.2,21.9,56.4,12.1,11.5,37.7,34.0,84.0,13.6,36.4,,11.7,27.6,44.1,3.6,77.1,16.7
Alexandria,VA,38.838068099,-77.0814858529,2797,70.8,17.3,21.6,5.6,85.2,1.7,77.0,2.9,50.2,46.6,2.9,7.5,9.6,81.6,5.0,5.9,21.8,28.8,83.5,8.0,20.9,88.5,6.3,11.2,27.9,1.3,72.4,4.5
Washington,DC,38.8340938046,-76.9897525071,3177,83.5,26.2,16.3,4.8,73.7,4.3,57.6,9.5,20.3,20.0,6.8,13.7,28.7,55.3,16.5,13.3,43.0,37.4,81.2,16.4,38.8,86.9,15.9,30.4,46.8,6.0,78.5,30.6
Baltimore,MD,39.3086414779,-76.6139098817,1751,74.4,21.1,19.3,4.0,73.5,2.7,64.4,5.5,33.6,33.5,4.7,11.6,21.0,56.8,10.9,11.2,33.4,30.5,85.5,13.3,34.6,,10.2,24.3,43.0,3.1,74.1,16.5
Baltimore,MD,39.3488216623,-76.5722858993,3148,78.9,28.0,17.0,6.8,82.6,3.1,70.5,6.2,37.8,36.6,6.5,11.2,17.6,64.8,12.4,9.0,39.3,35.8,84.0,11.2,32.2,,10.5,23.9,40.4,3.7,80.9,13.3
Washington,DC,38.8877299699,-76.9801035038,1949,79.2,16.2,26.6,4.5,79.3,2.3,69.8,3.9,30.3,28.5,3.5,9.5,15.9,78.9,7.8,6.2,27.7,28.8,83.5,9.6,24.6,88.7,7.5,14.2,36.9,2.4,73.8,11.6
Washington,DC,38.9390531288,-77.0301378132,5973,76.1,15.6,25.8,3.8,74.5,2.4,64.2,4.6,26.4,25.1,3.8,9.6,18.3,72.1,8.4,12.3,25.8,29.6,82.1,11.2,26.0,86.9,9.2,18.6,37.3,2.6,70.7,16.3
Washington,DC,38.9417827179,-77.0224057286,3618,80.4,18.8,23.4,5.0,79.9,2.7,68.5,4.7,28.6,26.7,4.5,9.7,16.5,75.9,9.9,8.2,31.7,31.9,83.2,10.1,26.8,88.0,8.9,17.2,37.8,3.1,76.7,13.7
Baltimore,MD,39.340655626,-76.5744301443,1914,76.2,23.9,19.8,5.9,82.6,2.4,71.6,5.0,42.0,41.5,4.9,10.3,15.8,70.2,9.1,6.9,31.4,32.8,83.8,10.6,29.4,,8.8,19.2,38.0,2.5,76.7,9.1
Baltimore,MD,39.314834612,-76.5349991914,1575,79.1,24.5,15.6,4.3,75.1,3.1,64.3,6.4,30.2,31.4,5.2,13.3,23.5,51.1,13.3,13.4,38.3,31.5,85.6,14.7,40.0,,11.9,29.7,47.6,3.8,76.2,20.0
Richmond,VA,37.4914996631,-77.5087852267,4754,73.8,24.3,15.3,4.4,69.8,3.5,56.9,7.9,25.6,29.0,6.2,11.2,25.8,50.7,14.8,26.0,38.1,35.2,84.0,16.1,39.7,83.3,15.6,34.6,44.1,4.4,77.5,26.2
Washington,DC,38.9244247025,-77.0908660533,6709,79.3,20.4,23.7,7.3,83.9,2.4,73.9,4.5,40.8,35.0,4.9,8.4,10.6,86.1,6.7,3.8,25.3,34.6,79.8,8.2,17.8,87.1,7.1,11.7,28.4,2.2,77.6,6.2
Richmond,VA,37.5623968899,-77.4977324832,1267,71.1,18.4,22.4,6.1,81.6,1.9,76.1,3.6,44.0,46.1,3.8,7.7,11.2,82.4,5.8,6.6,22.8,30.0,84.0,8.7,21.5,85.8,6.8,13.2,29.1,1.7,75.4,5.4
Washington,DC,38.887703366,-76.9983053722,1909,75.7,14.4,30.7,5.5,83.9,1.6,77.7,2.9,43.3,38.8,3.1,7.9,9.8,88.5,4.3,3.0,18.0,27.8,81.3,7.4,16.3,88.7,5.0,8.1,27.9,1.4,70.6,3.9
Washington,DC,38.9033049952,-77.003330428,3933,77.1,13.0,28.3,3.7,78.5,1.9,71.5,3.0,30.8,29.0,2.7,9.0,12.8,81.9,6.0,4.8,22.3,25.5,85.3,8.9,21.9,88.7,6.0,11.2,34.2,1.8,70.6,8.4
Baltimore,MD,39.3446843269,-76.6770689806,2993,79.9,32.8,12.5,5.3,72.6,4.7,57.3,10.6,24.8,24.9,8.6,14.9,29.7,38.2,20.2,18.7,48.6,39.0,84.2,17.9,45.7,,17.6,40.6,50.1,6.8,80.7,32.6
Washington,DC,38.918099224,-77.0437381559,2797,73.7,10.7,32.9,4.0,81.3,1.4,75.2,2.2,41.5,36.2,2.1,7.6,9.9,87.8,3.5,3.3,15.0,23.6,82.0,7.4,16.2,88.9,4.4,7.7,29.2,1.1,63.9,4.0
Richmond,VA,37.5546987201,-77.4171872269,1669,77.8,30.7,9.7,4.5,64.9,5.5,45.8,12.6,17.4,19.5,8.5,15.5,34.2,34.4,21.2,29.8,46.6,37.9,84.5,23.1,48.9,83.5,22.9,46.6,50.1,8.1,79.4,45.4
Baltimore,MD,39.3002266433,-76.679636023,3045,82.3,31.3,13.9,6.2,77.6,4.0,67.3,7.8,30.8,31.2,7.5,13.3,21.9,52.6,17.3,13.1,48.7,38.4,84.5,13.6,40.1,,13.3,32.1,46.9,5.3,82.7,21.0
Baltimore,MD,39.3411888581,-76.700083098,6045,83.1,33.1,13.0,7.0,80.8,4.2,67.7,8.0,31.6,32.0,8.1,13.0,20.1,54.9,18.2,12.5,50.1,39.4,84.8,12.6,38.8,,13.4,31.6,45.0,5.6,84.3,19.8
Alexandria,VA,38.7975701151,-77.0542738995,2769,72.8,19.6,18.8,5.5,83.2,2.1,75.3,3.6,42.8,40.6,3.7,8.2,11.4,75.1,7.4,7.8,27.2,30.2,84.5,9.0,25.3,88.4,7.7,14.5,30.7,2.0,76.4,7.7
Richmond,VA,37.5465206619,-77.5748159996,4706,77.1,27.1,16.6,8.6,86.7,2.9,73.5,5.5,41.4,43.2,6.7,8.0,12.2,78.9,10.1,8.0,34.5,37.6,83.1,8.8,25.4,85.3,9.6,18.3,31.0,3.0,83.0,8.2
Washington,DC,38.8878739778,-76.971276861,3670,75.3,15.7,23.8,2.2,52.1,3.1,42.0,7.8,16.4,16.6,4.6,11.6,38.2,42.3,11.4,21.1,39.2,34.2,80.7,18.3,39.6,85.8,15.1,31.2,49.5,4.1,63.3,36.3
Baltimore,MD,39.3504128664,-76.6043919959,4132,81.1,32.8,12.6,6.0,76.8,4.5,61.8,9.3,27.9,27.4,8.4,14.0,25.1,45.7,19.1,15.2,48.4,38.5,85.0,15.5,43.0,,15.7,36.0,47.9,6.3,82.0,26.1
Richmond,VA,37.5786984414,-77.4519260513,3163,77.3,25.1,16.4,6.9,82.6,2.9,70.2,5.5,36.5,37.8,6.1,8.8,14.3,74.1,11.2,9.8,36.5,36.2,84.5,10.1,29.3,85.4,10.3,20.7,35.1,3.3,81.8,11.0
Washington,DC,38.9362932029,-77.0664969011,4539,78.9,18.6,25.5,7.1,86.5,2.1,76.4,3.6,42.4,36.3,4.2,7.9,9.1,88.4,5.8,3.1,24.1,33.3,80.6,7.0,16.9,88.4,6.0,9.7,27.5,1.9,76.6,4.6
Washington,DC,38.9119189388,-77.0295156072,1955,73.9,11.8,32.4,3.6,80.1,1.6,70.3,3.0,35.0,32.5,2.6,8.1,14.0,82.6,5.0,5.2,18.9,25.5,82.7,8.6,20.0,88.0,5.9,10.4,32.7,1.5,65.8,7.6
Baltimore,MD,39.3432050708,-76.6655876913,4523,80.1,30.5,13.0,5.2,72.7,4.2,59.5,9.0,27.3,27.3,7.5,14.4,27.0,43.3,17.8,16.4,47.2,37.9,84.8,16.6,43.4,,15.5,36.9,48.9,5.8,80.3,28.2
Washington,DC,38.9219740441,-77.0055321679,2582,82.5,20.3,21.4,5.1,79.5,2.9,68.3,5.5,28.2,26.6,4.8,11.1,18.1,73.5,10.7,8.3,34.5,32.6,82.5,11.1,28.1,87.5,9.8,18.7,39.7,3.5,77.9,15.8
Washington,DC,38.8307311498,-76.9965577715,1693,82.3,23.8,16.8,4.2,70.1,4.0,54.5,9.0,19.4,18.2,5.8,14.0,30.3,52.8,14.6,14.2,39.7,34.7,82.1,17.5,38.9,87.1,15.6,30.8,47.6,5.5,74.9,33.2
Washington,DC,38.9041111336,-76.9777112277,2633,83.6,26.1,16.2,5.0,76.1,4.2,58.2,8.8,20.7,19.4,6.8,12.9,26.0,58.6,16.2,12.1,42.8,37.2,82.8,15.0,37.5,87.4,15.1,28.7,45.3,5.9,79.1,28.4
Baltimore,MD,39.2980948138,-76.6840555928,3281,81.6,29.4,14.0,5.7,77.2,3.8,66.0,7.3,30.5,30.8,6.8,13.2,21.8,52.5,16.2,12.9,45.3,36.2,85.3,13.7,39.9,,12.8,31.2,46.7,4.9,81.3,20.6
Washington,DC,38.8960049612,-77.0149463959,2998,73.4,9.9,30.8,2.9,74.2,1.5,70.4,2.7,31.7,29.9,2.1,8.8,12.9,81.7,4.4,5.3,16.2,21.9,84.2,9.4,18.2,85.6,5.3,10.4,32.2,1.3,64.6,8.4
Washington,DC,38.9170144539,-77.0275918943,4572,73.3,10.1,32.6,3.3,79.3,1.5,71.5,2.4,33.8,30.4,2.1,7.8,11.9,84.4,4.0,4.3,16.4,23.1,84.5,8.1,18.8,89.5,4.9,9.1,31.8,1.2,62.0,5.9
Washington,DC,38.9076255443,-77.0492482515,6671,74.1,12.6,29.6,4.2,78.6,1.7,72.1,2.9,37.9,32.4,2.9,8.1,11.3,84.5,4.6,4.0,17.9,26.2,81.3,8.4,17.5,87.3,5.4,9.6,30.3,1.5,67.8,5.9
Baltimore,MD,39.3171044979,-76.617526346,3269,75.0,29.9,14.8,5.6,74.9,4.2,57.7,9.1,29.1,26.7,8.4,12.2,24.9,46.4,16.8,14.9,41.7,37.9,83.2,15.5,38.3,,15.1,33.5,44.1,5.6,79.9,24.8
Richmond,VA,37.5435149908,-77.4698654016,2252,74.4,22.3,18.8,5.2,75.0,2.9,67.0,5.6,28.5,32.9,5.1,9.7,18.7,67.2,11.5,13.5,34.6,33.2,85.3,12.3,31.6,83.9,10.9,23.6,38.4,3.4,79.4,15.9
Baltimore,MD,39.2667302919,-76.6607022644,2590,71.6,28.6,19.4,6.5,74.8,3.0,63.1,8.7,38.6,35.5,7.3,11.5,25.6,56.4,10.5,11.9,34.2,38.1,79.1,15.1,31.2,,13.2,28.1,39.6,3.6,75.9,17.8
Baltimore,MD,39.3209128745,-76.5956087423,3149,79.9,31.1,13.1,5.2,72.3,4.3,58.8,9.5,26.3,26.9,7.9,14.6,28.2,41.9,18.6,17.7,48.1,38.6,84.6,16.9,43.8,,16.3,37.9,49.3,6.1,80.1,30.0
Baltimore,MD,39.327410877,-76.7016229565,4828,82.2,31.0,13.6,6.4,80.1,3.9,68.1,7.4,31.7,32.3,7.6,12.7,20.0,55.4,17.0,12.0,48.1,38.1,85.3,12.6,39.0,,12.7,30.0,45.3,5.2,83.0,18.7
Baltimore,MD,39.3036982234,-76.5930530519,1281,79.0,29.5,12.2,4.4,68.6,4.3,54.4,9.8,25.1,24.6,7.3,15.5,30.7,37.3,18.0,18.6,46.2,37.0,85.4,19.1,46.3,,17.0,39.7,50.8,6.0,78.0,32.0
Baltimore,MD,39.2833620292,-76.6663975436,2713,77.0,29.7,15.6,5.6,73.7,3.7,60.8,8.9,31.6,29.5,7.5,13.4,26.4,48.4,15.1,14.9,43.2,38.0,83.1,15.9,39.0,,14.7,33.1,45.8,5.0,78.9,24.5
Washington,DC,38.9559130631,-77.0241320119,5309,79.9,19.2,22.5,4.6,76.5,2.9,64.8,5.4,25.9,24.8,4.7,10.5,19.5,70.6,10.7,11.9,32.7,33.0,81.7,11.6,28.7,86.7,10.4,20.9,40.0,3.3,75.6,18.1
Richmond,VA,37.5797764386,-77.4382951565,1439,81.9,28.1,14.2,7.2,84.5,3.5,71.9,5.8,31.3,36.6,6.7,9.6,14.7,71.3,15.2,11.5,44.4,36.9,85.7,9.9,33.7,86.3,11.1,24.0,39.0,4.3,85.2,12.7
Richmond,VA,37.5626512826,-77.4297110526,1997,79.0,27.6,13.4,5.2,76.0,4.0,59.7,8.0,24.4,28.3,7.0,11.5,23.5,54.6,17.5,18.8,44.8,36.7,85.4,14.8,41.5,85.3,15.4,32.7,45.0,5.4,81.8,24.7
Baltimore,MD,39.280494607,-76.6538435528,3142,73.6,32.9,13.6,5.3,67.3,4.5,50.1,13.3,27.9,24.8,9.6,15.5,35.7,34.6,17.3,21.5,44.1,41.0,79.0,21.5,42.5,,20.4,42.6,47.7,6.4,77.0,36.2
Baltimore,MD,39.3402535648,-76.6433630962,2748,71.0,21.9,21.4,5.6,77.2,2.2,69.9,5.4,43.8,41.3,4.7,10.1,18.4,67.0,7.4,8.7,27.0,32.0,81.7,11.7,25.8,,8.9,20.2,36.5,2.3,73.0,11.0
Washington,DC,38.8452833886,-76.9743267079,3499,82.1,22.2,17.8,3.9,69.8,3.6,55.6,8.3,19.5,18.7,5.2,14.1,30.2,54.8,13.3,13.9,37.7,33.3,82.4,17.3,37.5,86.5,14.7,29.5,47.6,4.8,73.9,32.0
Washington,DC,38.8879113008,-76.9359192295,1296,84.1,25.7,17.3,5.3,78.2,3.9,61.3,8.2,22.5,22.2,6.3,12.8,25.3,61.9,15.2,11.6,41.9,36.5,81.7,14.2,35.8,87.4,14.0,27.2,45.1,5.3,79.3,25.0
Baltimore,MD,39.3365040188,-76.6503447893,1431,74.3,26.8,19.4,7.1,80.5,2.9,71.5,6.1,39.8,36.4,6.4,10.4,17.4,67.0,10.1,8.5,34.8,35.7,82.0,11.2,27.5,,9.9,21.9,36.2,3.4,79.5,12.8
Baltimore,MD,39.3124587763,-76.6527287617,3724,79.9,26.6,14.6,4.9,69.5,3.6,62.6,7.5,28.4,28.4,6.5,14.3,23.4,48.4,15.0,15.2,41.8,34.9,84.4,15.8,38.5,,13.1,32.6,47.0,4.8,78.3,25.2
Washington,DC,38.9107719573,-77.087586174,2869,75.4,15.3,27.6,5.2,81.7,1.9,72.1,3.6,40.0,34.2,3.5,8.2,11.5,84.6,5.2,4.0,19.4,29.3,80.5,8.4,17.9,87.5,6.2,10.5,29.7,1.7,70.2,5.9
Washington,DC,38.9156530114,-77.0520464941,2708,77.9,17.0,26.8,6.4,86.0,1.9,76.0,3.3,43.6,38.3,3.9,7.6,9.0,88.3,5.6,3.2,22.0,32.2,81.3,6.9,16.9,88.4,5.6,9.1,27.8,1.7,74.5,4.0
Washington,DC,38.8407214661,-77.023048405,3012,71.9,7.4,36.4,2.1,69.6,1.1,64.5,2.4,36.1,32.1,1.3,8.6,16.2,81.1,2.7,6.2,12.7,18.6,80.9,10.4,19.0,86.4,5.1,10.4,34.3,0.8,48.4,8.8
Washington,DC,38.8933925459,-76.958294192,1962,86.1,27.3,17.1,6.6,83.7,3.9,67.4,7.2,26.1,24.1,6.6,11.6,19.9,70.1,15.0,8.9,43.9,37.5,83.1,11.4,32.5,87.6,12.2,23.8,42.2,5.1,82.6,18.7
Baltimore,MD,39.3199464087,-76.612486875,3552,74.6,23.6,17.8,4.6,74.8,2.9,63.8,6.2,33.5,32.4,5.4,11.5,21.4,56.0,11.8,11.2,35.4,33.0,85.3,13.5,35.0,,11.1,25.9,42.5,3.5,76.1,16.8
Richmond,VA,37.5334080045,-77.4156923627,1544,70.5,17.4,22.2,4.4,76.2,2.1,69.0,4.3,31.8,36.9,3.8,8.9,17.0,72.2,7.9,11.5,25.8,28.0,84.6,11.4,27.3,84.6,8.7,18.6,35.5,2.3,74.4,12.6
Baltimore,MD,39.2880852188,-76.5740101202,3009,69.2,16.9,25.3,4.9,77.2,1.8,73.8,3.6,48.7,44.5,3.5,9.0,14.3,73.1,5.2,7.7,21.7,27.3,82.1,9.8,23.2,,6.5,15.3,33.7,1.6,68.4,7.7
Baltimore,MD,39.3614254595,-76.5928413188,4992,80.3,26.2,16.0,4.9,76.7,3.1,66.6,6.4,32.7,33.7,5.4,12.9,22.3,54.9,13.7,12.2,41.2,34.0,85.6,13.7,38.9,,11.7,28.9,47.1,3.8,78.8,17.2
Richmond,VA,37.5880852855,-77.4535481621,2821,74.1,22.3,18.4,5.5,81.6,2.5,67.5,5.4,35.9,39.9,4.8,9.2,17.0,72.4,9.6,10.4,31.2,33.3,84.0,11.4,30.8,85.8,10.4,20.3,36.3,2.7,77.5,10.8
Washington,DC,38.8851565661,-76.9311361548,2243,81.8,21.9,18.8,4.1,72.3,3.5,57.3,7.6,21.8,20.5,5.3,12.9,27.1,58.7,13.3,12.8,37.9,34.1,82.6,15.5,36.5,87.3,13.7,26.9,45.9,4.6,74.7,26.4
Washington,DC,38.8639864249,-76.9869812788,2425,82.7,24.1,17.1,4.5,72.2,4.0,56.1,8.6,20.2,19.3,6.2,13.3,28.0,56.2,14.9,12.9,40.5,35.7,82.2,16.1,37.5,87.3,14.9,29.1,46.3,5.4,76.5,30.0
Washington,DC,38.9015530096,-76.9911172684,1489,79.5,14.7,27.3,4.3,81.6,2.0,73.0,3.2,31.7,30.1,3.1,9.0,13.1,82.4,7.1,5.1,26.2,27.6,85.3,8.4,23.2,89.5,6.3,11.9,35.3,2.1,74.0,8.5
Baltimore,MD,39.306167261,-76.6417556449,3211,79.2,31.3,12.3,4.6,69.4,4.5,53.4,10.5,24.8,23.9,7.7,15.8,31.8,36.4,19.1,19.2,48.0,38.2,84.8,19.5,46.9,,18.2,41.2,51.5,6.4,78.9,34.4
Washington,DC,38.8660868826,-76.9637959927,3644,85.0,25.8,17.8,5.9,83.1,3.8,65.1,7.3,25.2,24.1,6.5,11.7,21.2,68.1,14.9,9.0,41.1,36.0,82.8,12.1,34.0,88.1,12.5,23.4,43.0,5.0,80.5,19.3
Baltimore,MD,39.2758115429,-76.6170685226,1953,68.2,14.9,25.8,3.5,70.1,1.7,68.2,3.9,38.9,37.4,2.9,10.3,18.7,65.4,5.5,9.2,21.4,24.5,83.7,12.0,25.4,,7.1,18.0,37.1,1.7,65.0,12.2
Washington,DC,38.916207588,-77.0388456331,3342,71.8,8.7,35.2,3.1,79.0,1.2,72.6,2.1,38.3,36.2,1.7,7.7,10.8,86.7,2.9,3.7,12.9,21.3,82.2,7.8,16.0,88.4,4.2,7.6,29.6,0.9,57.6,4.7
Washington,DC,38.8688417474,-77.0180491156,3715,82.5,20.5,22.4,7.1,87.7,2.5,76.3,3.8,39.0,35.3,4.6,8.5,9.4,86.3,8.2,3.6,29.8,33.7,82.3,7.0,20.8,89.6,6.6,11.3,31.2,2.5,79.8,5.7
Washington,DC,38.9538601473,-76.9984739959,3290,85.4,24.6,18.7,6.8,83.9,3.5,71.1,5.5,28.3,27.2,6.0,10.3,14.6,76.5,13.0,7.0,39.4,35.1,83.1,9.4,28.4,88.4,9.6,18.9,38.5,4.3,82.6,13.5
Baltimore,MD,39.291465734,-76.6361389089,977,81.2,36.4,12.0,6.3,76.7,5.0,59.7,11.2,26.8,26.0,10.5,14.3,28.1,42.2,22.4,16.7,55.1,43.9,84.2,16.3,44.6,,18.1,39.4,48.5,7.4,84.2,29.6
Baltimore,MD,39.3152409731,-76.6343812417,2613,80.3,31.3,13.0,5.5,78.0,4.2,60.8,8.7,28.8,28.0,7.8,13.5,24.2,47.7,18.3,13.6,46.8,37.7,85.5,15.1,43.0,,15.1,33.6,47.3,5.7,81.3,24.0
Washington,DC,38.8818415093,-77.0133613316,3410,78.8,14.9,25.4,4.2,80.5,2.1,70.6,3.5,34.3,30.8,3.2,9.2,13.6,80.6,6.9,5.5,24.6,28.1,83.5,9.1,23.3,88.8,6.8,12.7,35.7,2.0,71.5,8.4
Richmond,VA,37.5369016347,-77.4113357766,1155,78.2,31.5,12.6,5.7,74.7,4.9,57.4,10.0,22.3,24.8,9.3,11.4,26.4,48.4,21.2,21.1,50.0,41.1,85.0,15.9,43.8,84.3,18.3,37.4,45.3,7.0,83.8,30.0
Alexandria,VA,38.81168995,-77.1360237582,4482,71.5,16.7,19.1,3.9,75.9,2.1,68.9,3.8,39.4,38.0,3.3,8.8,15.5,66.5,7.6,14.3,27.2,28.6,83.2,11.1,28.4,86.5,9.0,18.7,35.8,2.0,71.0,11.3
Baltimore,MD,39.3628032417,-76.5797857598,6268,81.4,28.8,14.4,6.3,79.6,3.5,68.3,6.5,35.0,33.1,6.5,12.3,18.8,58.1,14.3,11.2,43.0,35.6,85.5,12.3,36.3,,11.5,28.1,44.2,4.3,81.3,16.1
Washington,DC,38.9305897622,-77.0254222296,2885,75.0,13.9,26.5,3.5,71.5,2.3,63.4,4.1,26.9,25.6,3.4,9.2,17.6,72.5,7.7,10.8,24.5,28.9,81.8,11.0,24.7,86.7,8.3,17.3,36.1,2.3,68.9,15.0
Baltimore,MD,39.2912222662,-76.6418543997,1895,79.1,32.2,12.4,5.0,72.9,4.7,55.7,10.6,24.9,23.7,8.3,15.2,30.4,37.6,19.8,19.4,47.1,37.8,84.9,18.5,46.0,,18.1,40.9,50.3,6.7,79.9,34.0
Baltimore,MD,39.3062372471,-76.5528013141,3230,70.5,31.7,17.2,6.8,73.0,3.7,59.4,10.9,36.1,32.7,8.8,12.2,27.5,49.6,12.6,17.3,36.4,41.2,77.2,16.9,33.2,,16.2,33.7,39.4,4.4,77.2,23.9
Alexandria,VA,38.8098126296,-77.1416736408,3948,75.1,25.7,15.5,7.3,83.9,2.8,72.1,5.5,43.3,39.7,5.9,8.5,13.4,70.4,9.9,11.1,32.5,35.5,81.5,10.0,26.0,85.8,10.4,19.8,31.5,2.9,80.1,10.6
Baltimore,MD,39.333353546,-76.6843826507,5214,81.4,31.6,13.3,5.9,77.2,4.2,63.4,8.4,28.7,29.3,7.8,13.5,23.8,48.6,18.1,14.2,48.4,38.3,85.2,14.5,41.8,,14.4,34.0,47.5,5.7,82.1,23.7
Washington,DC,38.9039351886,-76.9866495537,4119,83.3,23.2,19.4,5.4,78.6,3.6,64.3,6.5,24.8,23.0,5.8,11.3,20.1,68.9,13.2,9.2,39.3,35.3,83.1,11.9,31.5,87.8,11.5,22.0,41.5,4.5,79.3,19.4
Washington,DC,38.9322677462,-77.0211715256,4913,77.8,16.9,24.4,4.0,72.8,2.6,63.7,5.2,25.7,24.9,4.0,10.6,20.3,69.8,9.2,11.5,28.9,30.7,81.5,12.2,27.6,86.2,9.8,19.7,39.2,2.9,72.1,18.2
Washington,DC,38.8555133738,-76.9895724994,3063,81.5,20.2,18.5,3.4,69.6,3.3,55.3,7.7,19.2,19.1,4.3,14.2,30.6,54.6,11.9,14.0,33.2,29.9,82.4,17.9,37.6,86.3,14.1,28.8,48.1,4.2,70.7,30.5
Baltimore,MD,39.3265183384,-76.6298328089,3586,69.2,18.3,25.0,5.1,78.2,1.8,73.2,4.2,47.8,45.9,3.7,9.5,15.5,73.2,5.4,6.7,21.9,28.7,82.0,10.4,22.8,,7.0,15.4,33.5,1.6,69.3,7.8
Baltimore,MD,39.3084242748,-76.6036023517,2452,81.1,32.0,12.9,5.5,74.6,4.3,60.5,9.1,26.7,27.5,7.8,14.1,26.1,44.8,18.8,15.4,49.1,39.0,85.0,16.0,43.7,,15.5,36.7,48.9,5.9,82.0,26.4
Baltimore,MD,39.3312794594,-76.6384180756,1955,69.3,21.7,22.5,5.4,76.4,2.2,67.7,5.7,43.8,40.4,4.8,10.3,19.6,65.6,7.1,8.6,25.7,31.6,81.2,12.5,26.4,,9.3,20.0,35.9,2.3,71.3,11.7
Richmond,VA,37.5573089725,-77.4663257293,3152,67.4,14.5,24.6,4.2,71.8,1.7,71.6,3.6,38.6,41.4,3.3,8.0,13.3,77.1,5.5,8.9,20.6,27.1,84.0,10.3,21.9,83.4,6.9,14.3,30.6,1.6,70.6,8.2
Baltimore,MD,39.2886015076,-76.5421149649,4875,70.2,28.5,18.1,6.5,73.0,3.4,60.6,9.3,36.9,32.6,8.1,11.4,24.9,51.7,11.3,17.4,33.0,37.7,78.2,15.4,30.7,,14.2,31.3,38.9,4.0,75.8,22.0
Richmond,VA,37.4999850944,-77.4928828439,5660,68.5,21.4,15.9,3.6,60.8,3.5,50.7,7.9,22.8,25.0,6.0,10.9,27.5,43.9,13.8,34.8,34.5,35.2,82.6,17.8,39.5,82.2,16.7,38.0,43.4,4.2,72.7,32.0
Washington,DC,38.8831749899,-76.9814681769,2084,79.0,16.4,26.4,4.9,82.4,2.2,72.0,3.6,32.6,29.2,3.5,9.0,13.7,82.3,7.3,5.0,27.2,29.5,84.1,8.7,23.0,89.3,6.8,12.6,34.5,2.3,74.9,9.2
Washington,DC,38.914875287,-77.0014628972,1599,81.8,21.8,20.1,4.8,78.9,3.3,62.3,6.4,25.0,22.6,5.3,11.2,20.8,68.5,12.4,9.0,36.9,34.3,84.0,12.2,32.1,88.3,11.5,21.2,41.6,4.1,77.0,19.2
Baltimore,MD,39.2548945302,-76.6254793732,2059,79.1,25.5,14.9,4.6,72.9,3.4,62.6,6.9,30.0,29.0,5.6,13.6,23.3,49.7,14.0,14.4,39.7,32.9,86.0,15.1,39.6,,12.5,31.0,47.1,4.3,77.1,22.0
Baltimore,MD,39.3528692592,-76.6456860552,856,82.2,35.4,13.0,12.4,91.6,3.4,80.0,5.6,50.9,46.7,8.4,8.7,7.9,80.2,10.6,3.9,40.7,42.4,82.6,6.8,22.0,,8.2,16.7,28.1,3.4,86.6,5.2
Baltimore,MD,39.2865147077,-76.6021446793,2342,71.5,20.4,19.7,4.8,75.4,2.4,67.6,5.1,40.3,38.0,4.8,10.3,18.1,62.6,8.2,9.8,28.0,30.7,83.5,11.9,28.3,,9.0,21.3,38.1,2.5,72.3,12.5
Baltimore,MD,39.2491189064,-76.615689651,2018,80.1,27.3,14.7,5.1,73.4,3.5,64.9,7.2,29.6,29.5,6.2,13.7,23.1,50.8,14.9,13.7,42.6,34.9,85.6,14.9,39.5,,12.8,31.3,47.3,4.6,78.9,22.1
Baltimore,MD,39.317068302,-76.5644280327,6094,79.8,29.1,13.9,5.1,76.6,3.7,61.5,8.1,30.7,30.6,6.5,13.7,25.2,48.4,15.8,14.1,43.5,35.6,85.2,15.4,41.9,,14.2,33.3,47.9,4.8,79.4,22.4
Washington,DC,38.9265863021,-77.0517211589,3376,73.4,10.7,32.0,3.9,78.5,1.4,75.8,2.4,42.4,36.7,2.2,8.2,10.3,87.1,3.2,3.5,14.0,22.9,81.0,8.1,15.3,87.6,4.5,8.1,28.7,1.0,63.2,4.6
Washington,DC,38.8396610899,-76.9978352709,2473,83.2,24.6,17.6,4.6,74.0,3.9,58.2,8.5,21.1,20.6,6.1,13.2,27.6,58.1,15.2,12.4,41.1,36.2,82.3,15.6,37.6,86.9,14.7,28.4,46.5,5.3,77.6,27.6
Richmond,VA,37.4759013262,-77.4947524033,7291,74.5,25.1,14.3,4.5,71.3,3.7,55.3,8.3,26.1,28.3,6.4,11.3,26.4,49.7,15.2,24.1,37.8,34.7,84.0,16.7,41.5,83.9,16.2,35.0,44.7,4.6,77.3,26.6
Baltimore,MD,39.3125928621,-76.5604545792,778,75.6,32.1,13.3,5.6,70.1,4.3,54.7,11.6,30.0,28.2,8.2,15.2,31.4,39.4,16.1,18.3,41.6,38.5,81.3,20.0,42.2,,18.2,39.4,46.9,5.7,77.4,30.5
Baltimore,MD,39.3168271616,-76.5412504628,2648,78.4,24.1,16.2,4.3,75.8,3.0,64.5,6.4,30.9,32.5,4.9,13.3,23.8,51.6,12.6,13.4,36.0,30.3,85.4,14.8,39.4,,11.8,29.3,47.3,3.7,75.2,19.6
Washington,DC,38.9238892355,-77.0658962319,1455,78.9,20.3,23.7,7.2,86.2,2.3,73.6,4.5,39.8,36.0,4.8,8.2,11.2,85.5,6.9,4.2,25.1,35.1,79.7,7.9,18.0,86.8,7.2,11.9,28.7,2.2,77.0,6.4
Washington,DC,38.9425896045,-77.0165738251,2974,82.1,19.4,22.9,5.2,81.2,2.7,70.2,4.6,29.6,27.9,4.4,9.9,15.6,77.8,10.0,7.4,33.2,32.4,83.5,9.6,26.7,88.2,8.6,16.5,37.9,3.1,78.0,12.4
Alexandria,VA,38.8333876639,-77.1264548416,4429,68.3,17.8,17.3,3.9,72.1,2.4,62.8,4.9,36.3,34.6,4.2,8.6,18.0,58.2,8.4,19.9,26.1,30.0,81.2,12.6,28.5,84.0,10.9,23.5,35.4,2.3,70.0,16.2
Baltimore,MD,39.3430316844,-76.6050472084,2298,80.5,26.9,15.2,5.1,76.0,3.4,65.4,6.7,31.2,31.6,6.0,13.2,22.2,53.6,14.6,12.8,42.9,34.7,85.4,13.8,39.2,,12.1,29.7,46.8,4.3,79.4,19.6
Baltimore,MD,39.3189719159,-76.677813575,4223,81.4,31.3,13.3,5.8,77.5,4.1,62.9,8.2,28.7,28.5,7.7,13.3,23.3,49.1,17.9,13.8,48.1,38.0,85.6,14.3,41.8,,14.3,33.8,47.4,5.7,82.0,23.1
Washington,DC,38.8918302632,-77.0006227874,2918,74.1,12.7,31.9,4.4,79.9,1.5,75.2,3.1,40.7,37.0,2.7,8.3,11.9,86.2,4.0,3.8,16.5,25.8,81.2,8.6,16.9,87.1,5.4,8.9,29.3,1.3,66.7,5.1
Baltimore,MD,39.3138808689,-76.6123829748,1313,76.1,24.1,16.1,4.0,70.7,3.3,58.0,7.0,27.4,27.8,5.4,13.1,25.0,47.9,13.4,14.8,39.3,33.3,85.4,15.7,40.3,,13.0,30.8,46.7,4.1,75.2,23.7
Washington,DC,38.928354735,-77.0595624327,3189,76.8,15.3,28.4,5.7,84.9,1.7,76.0,3.1,42.9,38.8,3.2,8.0,9.6,88.4,4.7,3.2,19.2,29.5,80.9,7.4,16.5,88.0,5.4,8.7,28.1,1.4,71.7,4.1
Baltimore,MD,39.2878034838,-76.5803528009,2208,67.3,14.0,28.0,4.2,75.3,1.4,74.5,3.0,49.3,44.6,2.8,8.8,13.6,75.2,3.9,6.3,18.2,24.4,82.7,9.5,20.9,,5.5,13.0,32.5,1.2,63.9,6.4
Baltimore,MD,39.2860015387,-76.7033394658,5073,77.6,26.2,16.7,5.3,77.9,3.1,65.5,6.8,35.7,34.1,5.9,12.4,21.9,56.4,12.6,11.6,37.7,33.9,84.3,13.7,36.3,,11.7,27.2,44.0,3.7,77.6,17.0
Washington,DC,38.9434460988,-76.9845275919,2910,86.1,24.5,18.7,7.5,87.8,3.3,74.3,4.9,32.4,30.0,5.8,9.6,11.8,82.0,11.9,4.9,40.1,36.5,84.1,7.9,25.8,89.2,8.5,15.5,35.9,3.8,83.5,9.4
Baltimore,MD,39.2935830972,-76.570875696,3253,69.9,20.6,20.0,4.0,66.9,2.6,59.9,6.4,35.3,33.3,4.8,11.9,24.6,51.4,9.5,18.8,30.7,32.3,82.1,15.3,33.4,,11.8,28.8,42.3,2.8,69.7,20.3
Baltimore,MD,39.297134935,-76.6227945408,1602,76.4,25.0,16.0,4.6,73.8,3.2,63.7,7.0,33.0,30.9,5.7,13.1,22.9,52.4,12.9,12.6,36.8,32.8,85.6,15.0,37.5,,12.3,28.4,44.8,3.9,76.2,19.7
Washington,DC,38.9228678918,-77.0343295539,5763,75.0,11.4,27.6,2.8,70.5,1.8,65.1,3.5,29.0,26.0,2.5,9.8,16.8,75.1,5.6,8.9,19.4,24.5,83.1,11.3,23.0,87.1,7.2,14.9,36.0,1.7,62.7,12.3
Washington,DC,38.8875982141,-76.989959719,3775,76.2,14.4,30.0,5.1,84.6,1.7,75.8,3.0,40.6,36.6,3.0,8.0,10.5,87.7,4.8,3.2,19.3,27.9,81.5,7.6,17.8,89.0,5.4,8.7,29.3,1.5,70.5,4.7
Baltimore,MD,39.2942438046,-76.5855105636,1800,72.1,20.0,19.4,4.1,72.7,2.5,65.3,5.3,36.2,32.9,4.2,11.4,20.2,58.3,9.1,12.1,29.4,29.5,85.7,13.3,32.4,,9.8,23.8,40.9,2.7,71.8,15.6
Washington,DC,38.9489550754,-77.0884651956,7436,78.0,16.7,27.1,6.2,84.3,1.9,75.2,3.4,42.7,37.1,3.7,8.0,9.5,88.5,5.2,3.2,21.0,31.0,80.5,7.5,16.5,86.8,5.8,9.4,27.9,1.7,73.9,4.8
Richmond,VA,37.5259479401,-77.5105037097,4961,75.1,21.1,18.6,5.6,79.0,2.5,69.5,4.9,36.2,39.0,4.7,9.0,16.0,72.2,9.2,11.8,31.0,31.6,84.4,10.8,29.4,85.6,9.5,20.5,36.7,2.6,77.3,11.3
Washington,DC,38.9093385463,-77.0748289955,3916,68.3,4.8,28.3,0.9,39.4,1.1,58.6,3.9,26.8,21.3,1.2,11.7,22.1,64.3,1.7,10.6,9.1,13.2,77.1,19.2,16.8,70.7,7.0,17.3,34.9,0.7,25.5,26.9
Alexandria,VA,38.8003540961,-77.0440466152,2167,76.0,24.2,17.5,8.5,90.3,2.2,80.4,3.7,51.3,49.1,4.9,7.2,7.7,84.2,7.1,4.6,29.6,36.3,82.9,6.8,20.6,88.1,7.0,11.5,25.1,1.9,81.1,4.1
Washington,DC,38.9338466308,-77.0298980442,3962,74.5,11.5,30.2,3.3,76.0,1.7,68.2,3.0,30.0,28.8,2.5,8.4,14.4,79.7,5.6,8.1,19.6,25.1,83.1,9.3,21.4,87.7,6.4,12.9,34.0,1.6,66.1,10.0
Baltimore,MD,39.2773421636,-76.690191568,2910,78.8,25.4,16.1,4.6,74.3,3.1,63.9,6.7,33.1,33.0,5.3,13.2,23.8,52.4,13.1,13.1,40.6,33.7,85.3,14.7,39.6,,12.2,29.4,47.5,3.8,76.9,18.5
Baltimore,MD,39.3499695072,-76.5949826113,4043,81.8,28.0,15.0,5.8,78.6,3.4,70.4,6.5,33.1,34.4,6.2,12.8,19.6,57.5,14.9,11.5,43.3,35.1,85.3,12.6,37.8,,11.4,27.9,45.5,4.3,81.0,16.4
Baltimore,MD,39.2946533124,-76.5751513665,3222,70.3,20.5,18.6,3.7,67.5,2.8,58.7,6.5,33.3,31.0,4.7,12.0,24.7,48.5,10.1,18.7,30.1,30.5,83.1,15.8,35.5,,12.2,29.8,43.2,3.1,68.9,22.0
Richmond,VA,37.5473722148,-77.40315467,3811,78.1,30.6,9.9,4.6,64.9,5.4,48.0,12.0,17.6,20.1,8.6,14.5,33.0,35.5,21.4,28.8,47.6,38.8,84.9,21.7,48.9,83.9,21.9,45.9,49.7,7.9,79.9,43.9
Richmond,VA,37.5463545164,-77.4206771095,5115,74.7,27.3,12.6,3.9,60.6,4.9,45.4,11.4,17.3,19.4,8.4,13.2,36.1,33.0,20.0,32.2,46.7,38.3,83.8,21.4,48.8,82.8,21.5,44.9,50.2,7.3,76.3,46.2
Washington,DC,38.9113297971,-77.0244761699,2087,76.8,16.0,25.2,4.0,74.5,2.3,66.6,4.6,29.1,26.4,3.5,10.0,18.0,74.4,7.7,7.6,26.8,29.9,83.1,11.2,25.1,87.8,8.5,16.1,36.9,2.5,71.4,14.2
Baltimore,MD,39.3024002994,-76.6681039974,5615,80.3,32.3,12.2,5.4,73.1,4.8,57.3,10.0,24.7,24.2,8.6,14.6,28.0,39.8,19.6,17.4,48.0,37.9,85.2,17.3,45.2,,17.0,39.3,49.7,6.8,80.5,31.9
Baltimore,MD,39.331027381,-76.6599144713,4215,81.2,35.6,11.6,6.1,75.4,5.1,58.7,11.0,25.5,25.5,9.5,14.7,28.0,40.5,21.8,17.2,52.5,41.5,84.6,16.9,45.5,,18.0,40.3,49.2,7.4,83.2,30.8
Washington,DC,38.9646861836,-77.0236318265,4016,84.0,23.6,19.2,6.2,83.3,3.4,68.7,5.7,28.1,26.2,5.7,10.3,15.9,75.2,12.6,7.9,38.2,35.4,83.0,9.9,28.9,88.4,10.1,19.6,38.7,4.1,81.1,14.6
Washington,DC,38.9102016818,-76.9444388681,2445,83.5,25.8,16.2,4.8,73.2,4.3,55.9,9.2,20.5,18.5,6.6,13.7,27.1,56.6,15.9,12.8,41.4,36.5,82.5,16.3,37.5,87.2,15.6,29.7,46.0,5.9,78.1,30.9
Richmond,VA,37.4819227192,-77.460471681,6635,77.2,27.8,13.4,5.4,73.4,4.0,58.5,8.7,26.6,28.3,8.0,11.4,25.0,51.7,17.0,22.1,43.4,37.7,84.4,15.6,40.6,83.9,16.3,35.0,44.2,5.5,80.7,26.9
Richmond,VA,37.5405987399,-77.5422727887,3410,76.3,27.2,15.9,7.3,80.7,3.3,68.4,6.8,35.2,37.0,7.3,9.2,16.9,69.1,12.2,13.5,37.2,37.5,82.2,11.3,30.1,84.2,11.9,24.2,35.6,3.8,81.8,14.1
Baltimore,MD,39.3070323773,-76.5932887308,1137,80.4,33.3,11.9,5.4,72.6,5.0,55.7,10.3,25.0,23.6,8.9,13.9,28.3,38.4,21.2,17.0,51.8,40.6,85.4,17.1,47.2,,17.6,40.2,50.1,7.1,81.7,31.7
Alexandria,VA,38.8080757531,-77.1194059499,3468,71.9,17.4,20.5,5.4,86.9,1.7,77.5,2.9,49.0,47.3,3.0,7.2,9.4,81.7,5.6,6.0,22.9,29.9,83.9,7.6,21.5,87.8,6.4,11.6,28.7,1.4,73.5,4.1
Washington,DC,38.9229021017,-76.9540208796,2732,86.4,29.7,15.2,7.5,82.8,4.4,69.6,7.8,25.4,24.1,7.7,11.4,17.5,70.4,16.5,8.5,46.2,40.0,82.6,10.8,30.9,86.9,12.4,23.9,39.8,5.8,84.8,18.4
Baltimore,MD,39.3254943788,-76.5901825329,3402,80.3,30.8,13.9,5.6,75.0,4.0,61.8,8.8,28.3,29.3,7.7,14.1,26.4,45.5,17.8,16.7,47.2,38.1,84.0,15.5,41.6,,15.0,36.0,48.2,5.6,81.0,26.6
Washington,DC,38.9008675863,-77.0136052714,1802,77.9,16.9,24.7,5.0,79.3,2.5,71.1,4.0,31.0,26.9,4.1,8.9,14.2,78.7,8.1,5.9,27.4,30.1,84.2,9.2,22.3,88.1,7.4,14.1,34.8,2.7,75.7,10.9
Richmond,VA,37.5511170737,-77.4577009327,4032,67.4,15.9,19.7,3.7,60.3,2.3,63.6,5.3,30.8,31.4,4.4,9.6,16.8,65.3,7.2,12.7,21.4,28.0,82.6,14.8,24.6,78.5,9.6,20.8,33.4,2.4,69.9,16.6
Washington,DC,38.8490260955,-76.9995131738,4365,83.1,23.7,18.9,4.6,77.2,3.7,59.1,7.9,22.5,22.6,6.3,12.3,26.1,61.3,14.9,11.3,40.7,36.1,82.2,14.3,36.4,87.3,13.8,25.7,45.6,4.9,77.5,23.8
Washington,DC,38.8918319575,-76.9478990099,3373,84.9,26.3,17.9,5.9,79.8,3.9,64.1,7.8,24.1,22.6,6.7,12.2,22.9,65.8,15.2,10.3,43.1,37.2,82.2,12.9,34.0,87.2,13.1,25.3,44.1,5.2,80.6,22.2
Baltimore,MD,39.3059215705,-76.5764340488,2937,82.9,35.4,11.7,7.0,80.9,5.0,63.2,9.4,28.4,27.9,9.6,13.5,22.8,47.5,20.7,14.6,50.0,38.6,84.3,14.2,42.1,,15.6,36.5,46.9,7.0,84.3,25.6
Washington,DC,38.9039989156,-77.0419808973,1838,72.0,9.6,31.2,3.1,71.0,1.4,71.3,2.6,38.8,33.0,2.2,8.4,11.4,83.4,3.4,4.4,13.6,22.1,81.6,9.3,15.6,84.8,4.9,9.3,29.7,1.1,60.4,6.2
Washington,DC,38.9488439655,-77.0138620969,3087,81.1,22.3,20.2,5.0,77.1,3.4,62.4,6.7,24.4,22.6,5.6,11.1,21.6,66.6,12.9,11.5,37.2,35.4,82.1,12.6,32.0,87.3,12.1,23.4,41.7,4.3,77.5,21.0
Richmond,VA,37.5379059672,-77.4404088218,4029,66.8,10.5,20.8,2.3,60.0,1.6,61.0,3.3,31.7,33.2,2.6,8.4,15.6,66.5,5.5,13.0,18.5,22.7,84.9,12.5,23.0,76.8,7.3,18.5,36.0,1.5,62.2,13.7
Richmond,VA,37.565233744,-77.4621116157,3900,68.7,10.4,21.6,2.1,55.6,1.7,62.8,3.6,28.0,30.1,2.4,10.1,17.2,65.0,5.5,14.9,19.0,21.0,86.6,14.5,25.6,78.6,7.7,19.6,37.1,1.6,60.4,17.2
Washington,DC,38.9236739747,-77.0296266678,4208,75.2,13.7,27.5,3.7,76.3,2.1,66.1,3.7,28.8,26.3,3.1,9.1,16.1,76.4,6.7,7.4,22.3,26.5,83.1,10.3,23.6,87.8,7.4,14.4,35.4,2.1,68.7,12.4
Richmond,VA,37.4779642707,-77.43171018,3585,73.6,26.2,13.6,4.4,67.2,4.0,52.2,9.6,22.1,26.2,7.3,12.1,29.7,43.3,16.8,29.5,40.0,36.8,82.9,18.4,43.1,83.2,18.4,39.6,45.8,5.4,77.2,33.5
Washington,DC,38.8961938656,-76.9866545148,2784,78.5,14.9,27.8,4.7,83.3,2.0,74.0,3.1,33.2,31.2,2.9,8.8,12.2,84.6,6.3,4.3,24.0,27.4,84.0,8.2,21.6,89.4,6.0,10.9,33.6,1.9,73.4,7.4
Richmond,VA,37.513398535,-77.5008710596,3423,75.3,25.0,15.7,5.4,72.2,3.4,63.1,7.2,28.4,31.2,6.4,10.6,21.8,58.2,13.9,20.6,38.5,36.2,83.3,14.2,35.5,83.2,13.7,30.5,41.5,4.2,79.5,20.7
Baltimore,MD,39.2764288631,-76.6406859148,3373,72.6,25.9,16.4,4.9,72.1,3.4,58.2,8.4,32.0,29.7,6.6,12.6,26.8,47.1,12.7,15.1,34.5,34.1,81.6,16.5,36.0,,13.9,31.9,43.9,4.2,74.6,23.6
Washington,DC,38.9062165422,-77.0188944239,2922,77.2,16.7,23.9,4.1,74.5,2.5,64.7,4.8,27.2,25.6,3.8,9.9,18.5,72.6,8.7,8.3,27.6,30.5,82.5,11.2,24.7,85.4,8.8,17.8,37.9,2.8,73.4,15.3
Washington,DC,38.8970373408,-77.0008008935,2279,74.4,11.4,33.3,3.9,81.4,1.4,75.5,2.5,39.2,35.2,2.2,8.1,10.9,87.3,3.9,3.4,16.5,24.4,83.4,7.8,17.4,88.8,4.8,8.1,30.0,1.2,65.6,4.8
Alexandria,VA,38.8327439856,-77.1133333271,3777,73.1,18.9,17.3,4.1,76.9,2.3,66.6,4.6,39.6,37.4,4.0,8.9,17.9,62.0,9.2,14.2,32.4,31.1,82.9,11.6,31.6,86.3,10.2,21.2,38.1,2.4,73.4,12.9
